Voucher/obs,Especie,Pais,Estado,Municipio/localidad,Latitud,Longitud,Elevación (m s. n. m.),Fuente,
OBS.109305550,Rhadinaea decorata,Costa Rica,Sarapique,,17.525,-91.991667,833,Gbif,
OBS.126053531,Rhadinaea decorata,Costa Rica,Sarapique,,17.483333,-92.045833,942,Gbif,
AMNH 19783,Rhadinaea decorata,Mexico,Oaxaca,Pluma Hidalgo,18.88398358,-96.78337916,1110,Gbif,
AMNH 66465,Rhadinaea decorata,Mexico,Chiapas,Chilon,17.458333,-95.775,400,Gbif,
AMNH 68031,Rhadinaea decorata,Mexico,Oaxaca,Santo Domingo,18.86731764,-97.03338503,31,Gbif,
CAS 74328,Rhadinaea decorata,Mexico,Oaxaca,Cosolapa,17.756201,-94.758499,1129,Gbif,
CAS 74328,Rhadinaea decorata,Mexico,Oaxaca,Cosolapa,18.85037346,-97.02727383,1151,Gbif,
CAS 74329,Rhadinaea decorata,Mexico,Oaxaca,Cosolapa,18.48400433,-95.06667415,1107,Gbif,
CAS 74347,Rhadinaea decorata,Mexico,Oaxaca,Cosolapa,19.40395863,-96.9717193,511,Gbif,
CBUCES-D 181,Rhadinaea decorata,Colombia,Antioquia,Maceo,6.533208,-74.812298,1015,Vazques-Restrepo y Toro Cardona 2019,
EB-BUAP 1577,Rhadinaea decorata,Mexico,Puebla,Cuetzalan del Progreso,18.562778,-95.194167,81,Gbif,
EB-BUAP 1578,Rhadinaea decorata,Mexico,Puebla,Cuetzalan del Progreso,18.875,-97.075,1291,Gbif,
EB-BUAP 1579,Rhadinaea decorata,Mexico,Puebla,Cuetzalan del Progreso,18.941667,-97.041667,1523,Gbif,
EB-BUAP 1580,Rhadinaea decorata,Mexico,Puebla,Cuetzalan del Progreso,18.775,-96.875,413,Gbif,
EB-BUAP 1581,Rhadinaea decorata,Mexico,Puebla,Cuetzalan del Progreso,18.558333,-95.325,577,Gbif,
ECO-SCH-0860,Rhadinaea decorata,Mexico,Quintana roo,Felipe Carrillo Puerto,18.375,-94.975,337,Gbif,
ECO-SCH-0861,Rhadinaea decorata,Mexico,Quintana roo,Felipe Carrillo Puerto,18.436667,-95.023333,698,Gbif,
ECO-SCH-1770,Rhadinaea decorata,Mexico,Quintana roo,Lazaro Cardenas,18.45066942,-97.36672859,413,Gbif,
ECO-SCH-0007,Rhadinaea decorata,Mexico,Chiapas,Ocozocuatla de Espinoza,17.066667,-94.575833,315,Gbif,
ECO-SCH-0008,Rhadinaea decorata,Mexico,Chiapas,Ocozocuatla de Espinoza,17.103611,-94.1225,375,Gbif,
ECO-SCH-0322,Rhadinaea decorata,Mexico,Chiapas,San Cristobal de las Casas,17.049167,-94.6625,1050,Gbif,
ECO-SCH-1180,Rhadinaea decorata,Mexico,Chiapas,Tuxtla,17.058333,-94.660278,270,Gbif,
ECO-SCH-1691,Rhadinaea decorata,Mexico,Chiapas,LA TRINITARIA,17.458333,-95.791667,750,Gbif,
ECO-SCH-3355,Rhadinaea decorata,Mexico,Chiapas,Ocozocuatla de Espinoza,17.065,-94.051667,465.5,Gbif,
FC-UNAM,Rhadinaea decorata,Mexico,Oaxaca,Santa Maria Chimalpa,18.875,-97.041667,50,Gbif,
FC-UNAM,Rhadinaea decorata,Mexico,Oaxaca,Santa Maria Chimalpa,19.508333,-96.791667,1223,Gbif,
FC-UNAM,Rhadinaea decorata,Mexico,Oaxaca,Santa Maria Chimalpa,19.636667,-97.1,1120,Gbif,
FC-UNAM,Rhadinaea decorata,Mexico,Oaxaca,Santa Maria Chimalpa,18.773889,-96.875,921,Gbif,
FC-UNAM,Rhadinaea decorata,Mexico,Oaxaca,Santa Maria Chimalpa,18.584167,-95.074722,2437,Gbif,
FC-UNAM,Rhadinaea decorata,Mexico,Oaxaca,Santa Maria Chimalpa,18.508333,-95.105833,569,Gbif,
FC-UNAM,Rhadinaea decorata,Mexico,Oaxaca,Santa Maria Chimalpa,18.583889,-95.086111,131,Gbif,
FC-UNAM,Rhadinaea decorata,Mexico,Oaxaca,Santa Maria Chimalpa,18.26,-94.691667,794,Gbif,
FC-UNAM,Rhadinaea decorata,Mexico,Oaxaca,Santa Maria Chimalpa,18.592778,-95.083889,209,Gbif,
FC-UNAM,Rhadinaea decorata,Mexico,Oaxaca,Santa Maria Chimalpa,18.530556,-95.855556,199,Gbif,
FC-UNAM,Rhadinaea decorata,Mexico,Oaxaca,Santa Maria Chimalpa,18.583333,-95.086944,178,Gbif,
FC-UNAM,Rhadinaea decorata,Mexico,Oaxaca,Santa Maria Chimalpa,18.584167,-95.092222,4,Gbif,
FC-UNAM,Rhadinaea decorata,Mexico,Oaxaca,Santa Maria Chimalpa,18.585,-95.088056,263,Gbif,
FC-UNAM,Rhadinaea decorata,Mexico,Oaxaca,Santa Maria Chimalpa,18.377472,-94.912833,223,Gbif,
FC-UNAM 12215,Rhadinaea decorata,Mexico,Chiapas,Onconsigo,17.058333,-94.613333,75,Gbif,
FC-UNAM 2241,Rhadinaea decorata,Mexico,Oaxaca,Sierra de Juarez,18.708333,-96.875,334,Gbif,
FC-UNAM 2252,Rhadinaea decorata,Mexico,Oaxaca,Sierra de Juarez,18.575,-95.125,19,Gbif,
FC-UNAM 26638,Rhadinaea decorata,Mexico,Chiapas,Tonala,17.071667,-94.6,7.5,Gbif,
FC-UNAM 394,Rhadinaea decorata,Mexico,Chiapas,Ocozocuatla de Espinoza,17.125,-94.585,450,Gbif,
FC-UNAM 394,Rhadinaea decorata,Mexico,Chiapas,Ocozocuatla de Espinoza,17.208333,-95.025,0,Gbif,
FC-UNAM 4519,Rhadinaea decorata,Mexico,Oaxaca,Santiago Colmatepec,17.189667,-94.474555,0,Gbif,
FC-UNAM 5607,Rhadinaea decorata,Mexico,Oaxaca,San Juan,18.158333,-95.808333,692,Gbif,
FC-UNAM 5608,Rhadinaea decorata,Mexico,Oaxaca,San Juan,19.826799,-96.431702,535,Gbif,
FC-UNAM,Rhadinaea decorata,Mexico,Chiapas,Onconsigo,17.075,-94.518333,60,Gbif,
IBUNAM 7029,Rhadinaea decorata,Mexico,Chiapas,Ocozocuatla de Espinoza,16.55632473,-94.60304354,250,Gbif,
ICN-R 10861,Rhadinaea decorata,Colombia,Antioquia,San Carlos,6.1772,-74.8621,970,Vazques-Restrepo y Toro Cardona 2019,
IHNE 123,Rhadinaea decorata,Mexico,Chiapas,Ocozocuatla de Espinoza,16.94074422,-96.69003792,150,Gbif,
IHNE 1337,Rhadinaea decorata,Mexico,Chiapas,Juquipilas,17.925,-97.725,300,Gbif,
IHNE 1344,Rhadinaea decorata,Mexico,Chiapas,Ocozocuatla de Espinoza,16.43077375,-95.0399975,310,Gbif,
IHNE 1356,Rhadinaea decorata,Mexico,Chiapas,Ocozocuatla de Espinoza,17.18073708,-95.02999943,310,Gbif,
IHNE 1637,Rhadinaea decorata,Mexico,Chiapas,Ocozocuatla de Espinoza,17.108333,-96.725,475,Gbif,
IHNE 2584,Rhadinaea decorata,Mexico,Chiapas,Escuintla,17.241667,-95.075,850,Gbif,
IHNE 454,Rhadinaea decorata,Mexico,Chiapas,Cintalapa,16.48077131,-95.02999741,300,Gbif,
IHNE 460,Rhadinaea decorata,Mexico,Chiapas,Ocozocuatla de Espinoza,17.280732,-95.11000161,350,Gbif,
IHNE 470,Rhadinaea decorata,Mexico,Chiapas,Ocozocuatla de Espinoza,17.14073894,-95.06000002,350,Gbif,
IHNE 831,Rhadinaea decorata,Mexico,Chiapas,Ocozocuatla de Espinoza,16.591667,-94.775,310,Gbif,
iNaturalist 10250808,Rhadinaea decorata,Costa Rica,Heredia,,9.55,-82.8833,15,Gbif,
iNaturalist 1028355,Rhadinaea decorata,Costa Rica,Limon Province,,0.1167,-79.2667,183,Gbif,
iNaturalist 125338,Rhadinaea decorata,Costa Rica,Heredia,,10.09094888,-83.3967788,3,Gbif,
iNaturalist 15231842,Rhadinaea decorata,Mexico,Veracruz,,9.21827,-82.217731,6,Gbif,
iNaturalist 17803325,Rhadinaea decorata,Mexico,Veracruz,,9.406637,-82.313842,16,Gbif,
iNaturalist 21495262,Rhadinaea decorata,Mexico,Veracruz,,9.416057,-82.328231,13,Gbif,
iNaturalist 25948304,Rhadinaea decorata,Honduras,Gracias a Dios,,15.925,-96.425,500,Gbif,
iNaturalist 26553749,Rhadinaea decorata,Costa Rica,Heredia,,10.542496,-83.50193,43,Gbif,
iNaturalist 28508297,Rhadinaea decorata,Mexico,Oaxaca,,18.110383,-94.358588,524,Gbif,
iNaturalist 30011598,Rhadinaea decorata,Costa Rica,Alajuela,,10.397705,-84.135983,589,Gbif,
iNaturalist 310483,Rhadinaea decorata,Belize,Toledo,,16.556898,-88.705588,61.5625,Gbif,
iNaturalist 31872140,Rhadinaea decorata,Costa Rica,Limon Province,,10.41699,-84.122522,153,Gbif,
iNaturalist 37191679,Rhadinaea decorata,Costa Rica,Limon Province,,16.908333,-93.458333,179,Gbif,
iNaturalist 38007344,Rhadinaea decorata,Costa Rica,Limon Province,,16.010778,-93.748194,128,Gbif,
iNaturalist 38262688,Rhadinaea decorata,Costa Rica,Limon Province,,16.89876111,-90.97354144,927,Gbif,
iNaturalist 4112538,Rhadinaea decorata,Costa Rica,Heredia,,10.59504,-83.530469,6,Gbif,
iNaturalist 54986260,Rhadinaea decorata,Mexico,Veracruz,,8.925095,-82.174859,13,Gbif,
iNaturalist 5502753,Rhadinaea decorata,Costa Rica,Limon Province,,15.287036,-84.948742,163,Gbif,
iNaturalist 55037571,Rhadinaea decorata,Costa Rica,Alajuela,,10.6167,-85.0833,983,Gbif,
iNaturalist 556135,Rhadinaea decorata,Costa Rica,Limon Province,,14.9106,-84.6803,1039,Gbif,
iNaturalist 55991704,Rhadinaea decorata,Mexico,Veracruz,,9.255188,-82.145753,13,Gbif,
iNaturalist 5605016,Rhadinaea decorata,Costa Rica,Alajuela,,9.893641,-83.652046,48,Gbif,
iNaturalist 58480822,Rhadinaea decorata,Costa Rica,Heredia,,10.580213,-83.524847,16,Gbif,
iNaturalist 6183016,Rhadinaea decorata,Costa Rica,Heredia,,10.45,-83.783333,79,Gbif,
iNaturalist 6350906,Rhadinaea decorata,Mexico,Veracruz,,9.229167,-79.536111,9,Gbif,
iNaturalist 6444227,Rhadinaea decorata,Mexico,Oaxaca,,18.91897823,-97.025052,24,Gbif,
iNaturalist 66662425,Rhadinaea decorata,Costa Rica,Heredia,,9.62293,-82.66438,754,Gbif,
iNaturalist 7407981,Rhadinaea decorata,Costa Rica,Alajuela,,10.430623,-84.006971,467,Gbif,
iNaturalist 9832332,Rhadinaea decorata,Costa Rica,Cartago,,10.287388,-84.04025,57,Gbif,
iNaturalist 9832336,Rhadinaea decorata,Costa Rica,Heredia,,9.7333,-82.9667,65,Gbif,
iNaturalist 9843365,Rhadinaea decorata,Costa Rica,Limon Province,,0.016667,-78.8833,153,Gbif,
iNaturalist 9852362,Rhadinaea decorata,Mexico,Oaxaca,,19.577259,-96.396103,592,Gbif,
ISAGEN 46-2096JA2007RE0036,Rhadinaea decorata,Colombia,Antioquia,San Rafael,6.362222,-74.991611,1000,Gbif,
ISAGEN 46-2300MI2008RE0082,Rhadinaea decorata,Colombia,Caldas,Samana,5.796667,-76.318889,785,Gbif,
ISAGEN 46-2421JA2008RE0064,Rhadinaea decorata,Colombia,Antioquia,San Rafael,6.358361,-75.00525,1263,Gbif,
ISAGEN 46-2421SC2008RE0104,Rhadinaea decorata,Colombia,Antioquia,San Rafael,6.208028,-74.822361,670,Gbif,
ISAGEN 46-2421SC2008RE0108,Rhadinaea decorata,Colombia,Antioquia,San Rafael,6.222853,-74.846417,850,Gbif,
ISAGEN 46-2421SC2008RE0126,Rhadinaea decorata,Colombia,Antioquia,San Rafael,6.218083,-74.835778,744,Gbif,
ISAGEN 46-2978JA2009RE0057,Rhadinaea decorata,Colombia,Antioquia,San Rafael,6.352028,-75.008111,1030,Gbif,
KU 171731,Rhadinaea decorata,Mexico,Chiapas,San Cristobal,16.46077219,-95.06999829,115,Gbif,
KU 187304,Rhadinaea decorata,Mexico,Oaxaca,Cerro Baul,18.61,-95.058333,817,Gbif,
KU 23244,Rhadinaea decorata,Mexico,Veracruz,,9.169364,-79.939661,8,Gbif,
KU 24015,Rhadinaea decorata,Mexico,San luis potosi,Xilitla,10.933333,-84.3,663,Gbif,
KU 24015,Rhadinaea decorata,Mexico,San Luis Potosi,Xilitla,9.418214,-82.631456,1534,Gbif,
KU 25733,Rhadinaea decorata,Costa Rica,Cartago,La Suiza,10.43333,-83.98333,50,Gbif,
KU 30960,Rhadinaea decorata,Costa Rica,Cartago,Turrialba,10.4244,-84.02,57,Gbif,
KU 31941,Rhadinaea decorata,Costa Rica,Guanacaste,Tenorio,10.373889,-83.404914,57,Gbif,
KU 31942,Rhadinaea decorata,Costa Rica,Cartago,Turrialba,10.436853,-84.007376,57,Gbif,
KU 35514,Rhadinaea decorata,Costa Rica,Cartago,Turrialba,10.429379,-84.007301,623,Gbif,
KU 35515,Rhadinaea decorata,Costa Rica,Cartago,Turrialba,10.431177,-84.003632,435,Gbif,
KU 39683,Rhadinaea decorata,Mexico,Oaxaca,Matias Romero,18.460833,-95.041944,209,Gbif,
KU 39683,Rhadinaea decorata,Mexico,Oaxaca,,18.591667,-95.075,619,Gbif,
LACM 121844,Rhadinaea decorata,Mexico,Veracruz,Cuatlapan,9.417833,-82.322717,641,Gbif,
LACM 121845,Rhadinaea decorata,Mexico,Veracruz,Cuatlapan,8.966667,-79.533333,28,Gbif,
LACM 121846,Rhadinaea decorata,Mexico,Veracruz,Cuatlapan,8.713723,-79.952845,100,Gbif,
LACM 131126,Rhadinaea decorata,Costa Rica,Limon Province,,16.713889,-92.613889,538,Gbif,
LACM 131127,Rhadinaea decorata,Costa Rica,Limon Province,,16.915278,-93.458611,1487,Gbif,
LACM 154306,Rhadinaea decorata,Costa Rica,Heredia,Puerto Viejo,10.417585,-84.119038,60,Gbif,
LACM 154307,Rhadinaea decorata,Costa Rica,Heredia,Puerto Viejo,9.702667,-84.6494,60,Gbif,
LACM 154309,Rhadinaea decorata,Costa Rica,Limon Province,,16.75,-93.116667,39,Gbif,
LACM 154310,Rhadinaea decorata,Costa Rica,Puntarenas,Rincon de Osa,15.3825,-92.457222,30,Gbif,
LACM 154311,Rhadinaea decorata,Costa Rica,Limon Province,,16.126389,-91.730555,39,Gbif,
LACM 154312,Rhadinaea decorata,Costa Rica,Limon Province,,16.936111,-93.65,50,Gbif,
LACM 154313,Rhadinaea decorata,Costa Rica,Heredia,Puerto Viejo,9.617311,-84.04438,60,Gbif,
LACM 154314,Rhadinaea decorata,Costa Rica,Puntarenas,Rincon de Osa,15.483889,-92.487222,1050,Gbif,
LACM 154315,Rhadinaea decorata,Costa Rica,Heredia,La Selva,10.07555287,-83.89028777,127,Gbif,
LACM 154316,Rhadinaea decorata,Costa Rica,Cartago,El Silencio,10.43207,-84.10106,625,Gbif,
LACM 154317,Rhadinaea decorata,Costa Rica,Heredia,Puerto Viejo,9.411931,-83.699405,60,Gbif,
LACM 154318,Rhadinaea decorata,Costa Rica,Heredia,La Selva,8.7,-83.52,60,Gbif,
LACM 154319,Rhadinaea decorata,Costa Rica,Puntarenas,Rincon de Osa,17,-93.666667,175,Gbif,
LACM 154320,Rhadinaea decorata,Costa Rica,Heredia,La Selva,8.7,-83.4833,23,Gbif,
LACM 154321,Rhadinaea decorata,Costa Rica,Puntarenas,Rincon de Osa,16.636111,-93.655556,175,Gbif,
LACM 154322,Rhadinaea decorata,Costa Rica,Heredia,La Selva,9.081971887,-83.08139832,60,Gbif,
LACM 154323,Rhadinaea decorata,Costa Rica,Limon Province,,16.954722,-93.666944,36,Gbif,
LACM 154324,Rhadinaea decorata,Costa Rica,Heredia,La Selva,8.698668498,-83.48139934,14,Gbif,
LACM 154325,Rhadinaea decorata,Costa Rica,Cartago,El Silencio,10.4333,-83.9833,1200,Gbif,
LACM 154326,Rhadinaea decorata,Costa Rica,Heredia,La Selva,10.541667,-83.503333,15,Gbif,
LACM 154327,Rhadinaea decorata,Costa Rica,Alajuela,,10.322243,-84.020452,250,Gbif,
LACM 154328,Rhadinaea decorata,Costa Rica,Limon Province,Baja Talamanca,17.066667,-91.927778,49,Gbif,
LACM 154329,Rhadinaea decorata,Costa Rica,Heredia,Puerto Viejo,10.690159,-83.651702,60,Gbif,
LACM 154331,Rhadinaea decorata,Costa Rica,San Jose,Rio Claro,16.881944,-91.579167,1150,Gbif,
LACM 154332,Rhadinaea decorata,Costa Rica,Puntarenas,Rincon de Osa,16.988889,-93.493333,175,Gbif,
LACM 154333,Rhadinaea decorata,Costa Rica,Limon Province,La Lola,15.03,-85.72,36,Gbif,
LACM 154334,Rhadinaea decorata,Costa Rica,Heredia,Puerto Viejo,10.597984,-83.539467,60,Gbif,
LACM 162006,Rhadinaea decorata,Costa Rica,Heredia,Puerto Viejo,9.5667,-82.9333,19,Gbif,
LACM 59099,Rhadinaea decorata,Mexico,Chiapas,Ocozocuatla de Espinoza,20.051389,-97.468056,610,Gbif,
LACM 65246,Rhadinaea decorata,Mexico,Oaxaca,,18.585,-95.075278,129,Gbif,
LACM 65247,Rhadinaea decorata,Mexico,Oaxaca,,18.584167,-95.075833,0,Gbif,
LSU 265,Rhadinaea decorata,Mexico,San luis potosi,Xilitla,9.255458,-82.145592,19,Gbif,
LSU 267,Rhadinaea decorata,Mexico,San luis potosi,Xilitla,9.254632,-82.145793,104,Gbif,
MCZ R-15304,Rhadinaea decorata,Costa Rica,Santa Cecilia,,17.002778,-93.481944,665,Gbif,
MCZ R-166544,Rhadinaea decorata,Ecuador,Pichincha,Puerto Quito,16.879461,-95.508957,122,Gbif,
MCZ R-19336,Rhadinaea decorata,Costa Rica,Limon Province,,16.920833,-93.452778,940,Gbif,
MCZ R-19337,Rhadinaea decorata,Costa Rica,Limon Province,,16.90173297,-90.96929135,2146,Gbif,
MCZ R-53899,Rhadinaea decorata,Mexico,Chiapas,Monte Libano,20.002778,-97.501389,27,Gbif,
MCZ R-56098,Rhadinaea decorata,Costa Rica,Cartago,Turrialba,10.28214,-84.04547,136,Gbif,
MCZ R-56099,Rhadinaea decorata,Costa Rica,Cartago,Turrialba,10.43333,-84,46,Gbif,
MCZ-HU 53899,Rhadinaea decorata,Mexico,Chiapas,Oconsigo,20.000833,-97.501667,548,Gbif,
MCZ-HU 56216,Rhadinaea decorata,Mexico,Hidalgo,La Mesa,21.244056,-97.836752,13,Gbif,
MHN-UCa-R-427,Rhadinaea decorata,Colombia,Caldas,SamanÃ¡,5.68159,-76.59784,50,Gbif,
MHUA-R 14029,Rhadinaea decorata,Colombia,Antioquia,Valdivia,5.3315,-74.921028,700,Gbif,
MHUA-R 14197,Rhadinaea decorata,Colombia,Antioquia,Puerto Nare,6.979196,-75.297235,230,Gbif,
MHUA-R 14199,Rhadinaea decorata,Colombia,Antioquia,Maceo,5.507056,-74.914222,513,Gbif,
MHUA-R 14330,Rhadinaea decorata,Colombia,Cordoba,Tierralta,9.877205241,-83.61663955,370,Gbif,
MHUA-R 14390,Rhadinaea decorata,Colombia,Cordoba,Tierralta,8.1736,-76.0592,346,Gbif,
MHUA-R 14430,Rhadinaea decorata,Colombia,Antioquia,Maceo,8.0667,-74.8167,515,Gbif,
MHUA-R 14432,Rhadinaea decorata,Colombia,Antioquia,Maceo,7.290241,-75.399015,515,Gbif,
MHUA-R 14480,Rhadinaea decorata,Colombia,Antioquia,YolombÃ³,6.5469,-74.6436,1052,Gbif,
MHUA-R 14551,Rhadinaea decorata,Colombia,Antioquia,Amalfi,6.6019,-75.0139,1436,Gbif,
MHUA-R 14552,Rhadinaea decorata,Colombia,Antioquia,Amalfi,6.9003,-75.1533,1436,Gbif,
MHUA-R 14644,Rhadinaea decorata,Colombia,Caldas,Victoria,5.686389,-76.633333,1030,Gbif,
MHUA-R 14859,Rhadinaea decorata,Colombia,Antioquia,San Carlos,6.2167,-74.86468,844,Gbif,
MLS 2076,Rhadinaea decorata,Colombia,Antioquia,Campamento,5.60111,-74.94915,806,Gbif,
MVZ 215673,Rhadinaea decorata,Costa Rica,Heredia,La Selva,10.416614,-84.119467,177,Gbif,
MVZ 215674,Rhadinaea decorata,Costa Rica,Heredia,La Selva,10.416868,-84.118952,153,Gbif,
MVZ 217619,Rhadinaea decorata,Costa Rica,Heredia,Puerto Viejo,10.415855,-84.119553,450,Gbif,
MVZ 217620,Rhadinaea decorata,Costa Rica,Heredia,Puerto Viejo,10.418312,-84.11862,450,Gbif,
MVZ 217621,Rhadinaea decorata,Costa Rica,Heredia,Puerto Viejo,10.417965,-84.116678,450,Gbif,
NHM 59099,Rhadinaea decorata,Mexico,Chiapas,Ocozocuatla de Espinoza,20.052222,-97.468333,972,Gbif,
NMNH-SI 120955,Rhadinaea decorata,Mexico,Oaxaca,Camotlan,18.591944,-95.050833,219,Gbif,
NMNH-SI 46361,Rhadinaea decorata,Mexico,Oaxaca,Santo Domingo,18.311389,-94.708333,219,Gbif,
NMNH-SI 46527,Rhadinaea decorata,Mexico,Chiapas,Ocozocuatla de Espinoza,20.225,-98.008333,972,Gbif,
OBS.109305331,Rhadinaea decorata,Costa Rica,Sarapique,,16.906944,-93.272222,65,Gbif,
OBS.109305334,Rhadinaea decorata,Costa Rica,Sarapique,,16.602778,-91.454167,572,Gbif,
OBS.109305412,Rhadinaea decorata,Costa Rica,Sarapique,,17.51682868,-91.97322783,290,Gbif,
OBS.109305570,Rhadinaea decorata,Costa Rica,Sarapique,,16.998611,-93.486111,66,Gbif,
OBS.109305571,Rhadinaea decorata,Costa Rica,Sarapique,,16.86803783,-93.31025781,568,Gbif,
OBS.124097446,Rhadinaea decorata,Costa Rica,Sarapique,,17.889803,-96.516758,568,Gbif,
OBS.126053534,Rhadinaea decorata,Costa Rica,Sarapique,,20.091667,-98.241667,1072,Gbif,
OBS.82739771,Rhadinaea decorata,Costa Rica,Sarapique,,16.99935997,-93.48607234,766,Gbif,
SMF 92535,Rhadinaea decorata,Costa Rica,Punta Leona,,16.854167,-93.411111,692,Gbif,
TCWC-TAMU 19550,Rhadinaea decorata,Mexico,Chiapas,Oconsigo,19.940275,-97.289574,548,Gbif,
UCM 39967,Rhadinaea decorata,Mexico,Oaxaca,Heroica Ciudad de Juchitan de Zaragoza,18.590833,-95.088333,89,Gbif,
UCM 39969,Rhadinaea decorata,Mexico,Oaxaca,Juchitan,18.488611,-95.060556,357,Gbif,
UCM 39971,Rhadinaea decorata,Mexico,Oaxaca,Matias Romero,18.583611,-95.089722,209,Gbif,
UCM 39980,Rhadinaea decorata,Mexico,Oaxaca,Matias Romero,18.575278,-95.08,439,Gbif,
UCM 40092,Rhadinaea decorata,Mexico,Oaxaca,Heroica Ciudad de Juchitan de Zaragoza,18.586667,-95.092222,209,Gbif,
UCM 41192,Rhadinaea decorata,Mexico,Oaxaca,San Felipe,18.909167,-96.868333,223,Gbif,
UCM 44511,Rhadinaea decorata,Mexico,Oaxaca,Matias Romero,18.561111,-95.525556,340,Gbif,
UCM 49352,Rhadinaea decorata,Mexico,Oaxaca,Heroica Ciudad de Juchitan de Zaragoza,18.220833,-94.838333,5,Gbif,
UCM:Herp:39967,Rhadinaea decorata,Mexico,Oaxaca,Juchitan,18.908333,-96.775,394,Gbif,
UCM:Herp:39968,Rhadinaea decorata,Mexico,Oaxaca,Juchitan,18.891667,-96.741667,55,Gbif,
UCM:Herp:39969,Rhadinaea decorata,Mexico,Oaxaca,Juchitan,18.427778,-95.094167,618,Gbif,
UCM:Herp:39970,Rhadinaea decorata,Mexico,Oaxaca,Juchitan,18.861667,-96.891667,499,Gbif,
UCM:Herp:39971,Rhadinaea decorata,Mexico,Oaxaca,Mije,18.388333,-94.94,198,Gbif,
UCM:Herp:39972,Rhadinaea decorata,Mexico,Oaxaca,Mije,18.691667,-96.775,1170,Gbif,
UCM:Herp:39973,Rhadinaea decorata,Mexico,Oaxaca,Mije,18.875,-96.843333,358,Gbif,
UCM:Herp:39974,Rhadinaea decorata,Mexico,Oaxaca,Mije,18.541667,-95.075,734,Gbif,
UCM:Herp:39975,Rhadinaea decorata,Mexico,Oaxaca,Mije,18.925,-97.041667,33,Gbif,
UCM:Herp:39976,Rhadinaea decorata,Mexico,Oaxaca,Mije,18.610833,-95.091667,926,Gbif,
UCM:Herp:39977,Rhadinaea decorata,Mexico,Oaxaca,Mije,18.436111,-95.022778,31,Gbif,
UCM:Herp:39978,Rhadinaea decorata,Mexico,Oaxaca,Mije,18.491667,-95.033333,382,Gbif,
UCM:Herp:39979,Rhadinaea decorata,Mexico,Oaxaca,Mije,19.383611,-96.971667,1243,Gbif,
UCM:Herp:39980,Rhadinaea decorata,Mexico,Oaxaca,Mije,17.658333,-95.041667,2423,Gbif,
UCM:Herp:40092,Rhadinaea decorata,Mexico,Oaxaca,Juchitan,17.525,-94.875,232,Gbif,
UCM:Herp:44511,Rhadinaea decorata,Mexico,Oaxaca,Mije,17.187639,-94.48525,234,Gbif,
UCM:Herp:44512,Rhadinaea decorata,Mexico,Oaxaca,Mije,17.203,-94.471361,253,Gbif,
UCM:Herp:44513,Rhadinaea decorata,Mexico,Oaxaca,Mije,19.641667,-97.108333,357,Gbif,
UCM:Herp:44514,Rhadinaea decorata,Mexico,Oaxaca,Mije,17.205556,-94.484611,513,Gbif,
UCM:Herp:44515,Rhadinaea decorata,Mexico,Oaxaca,Mije,17.183833,-94.481444,239,Gbif,
UCM:Herp:49352,Rhadinaea decorata,Mexico,Oaxaca,Juchitan,17.171722,-94.472555,396,Gbif,
UCM:Herp:52407,Rhadinaea decorata,Mexico,Oaxaca,Doce de Julio,17.20575,-94.466,219,Gbif,
UCM:Herp:52408,Rhadinaea decorata,Mexico,Oaxaca,Doce de Julio,18.56,-95.09,219,Gbif,
UCM:Herp:52409,Rhadinaea decorata,Mexico,Oaxaca,Doce de Julio,18.52,-95.07,37,Gbif,
UCM:Herp:52411,Rhadinaea decorata,Mexico,Oaxaca,Mije,18.59,-95.08,232,Gbif,
UCM:Herp:52412,Rhadinaea decorata,Mexico,Oaxaca,Mije,17.193778,-94.464778,340,Gbif,
UCM:Herp:52463,Rhadinaea decorata,Mexico,Oaxaca,Juchitan,18.585278,-95.075,10,Gbif,
UCM:Herp:52506,Rhadinaea decorata,Mexico,Oaxaca,Juchitan,18.6205,-95.097167,131,Gbif,
UCM:Herp:52655,Rhadinaea decorata,Mexico,Oaxaca,Mije,18.585278,-95.073889,394,Gbif,
UCM:Herp:52656,Rhadinaea decorata,Mexico,Oaxaca,Mije,18.616667,-95.062778,570,Gbif,
UIUC 100123,Rhadinaea decorata,Mexico,Chiapas,Palenque,21.216667,-87.183333,886,Gbif,
UIUC 11345,Rhadinaea decorata,Mexico,Chiapas,Palenque,19.795833,-87.786944,1630,Gbif,
UMMZ 85969,Rhadinaea decorata,Mexico,Puebla,Nexaca,18.875,-96.875,312,Gbif,
USNM 120832,Rhadinaea decorata,Costa Rica,Limon Province,Suretka,17.08333,-93.7,22,Gbif,
USNM 166933,Rhadinaea decorata,Ecuador,Pichincha,Rio Blanco,16.341667,-95.241667,668,Gbif,
USNM 219598,Rhadinaea decorata,Costa Rica,Puntarenas Province,Rincon de Osa,16.73965452,-92.75133421,30,Gbif,
USNM 219599,Rhadinaea decorata,Costa Rica,Puntarenas Province,Rincon de Osa,17.04074794,-93.48996255,30,Gbif,
USNM 219600,Rhadinaea decorata,Costa Rica,Puntarenas Province,Rincon de Osa,17.083333,-93.7,30,Gbif,
USNM 46527,Rhadinaea decorata,Mexico,Chiapas,,21.385279,-98.989998,10,Gbif,
USNM 560000,Rhadinaea decorata,Honduras,Gracias a Dios,,18.625,-96.708333,180,Gbif,
USNM 565590,Rhadinaea decorata,Honduras,Olancho,Vallecito,18.599972,-96.684528,900,Gbif,
UTCH:COLZOOCH-H: 1526,Rhadinaea decorata,Colombia,Choco,Quibdo,8.1736,-76.0592,53,Gbif,
UTCH:COLZOOCH-H: 1558,Rhadinaea decorata,Colombia,Choco,Quibdo,8.031661,-77.224222,35,Gbif,
UTCH:COLZOOCH-H: 2065,Rhadinaea decorata,Colombia,Choco,El Carmen de Atrato,5.360278,-76.645833,433,Gbif,
UTEP 7869,Rhadinaea decorata,Mexico,Chiapas,Ocozocuatla de Espinoza,21.39746842,-98.96760665,387.5,Gbif,
UTEP 7869,Rhadinaea decorata,Mexico,Chiapas,Ocozocoautla de Espinosa,19.358055,-96.718802,1208,Gbif,
UTEP 7870,Rhadinaea decorata,Mexico,Chiapas,San Fernando,19.451938,-96.959451,8,Gbif,
UTEP 7870,Rhadinaea decorata,Mexico,Chiapas,Berriozabal,18.034447,-94.099102,615,Gbif,
YPM HERR 007810,Rhadinaea decorata,Mexico,Puebla State,Hueytamalco,18.425,-95.041667,1296,Gbif,
YPM HERR 017106,Rhadinaea decorata,Costa Rica,Heredia Province,Las Horquetas de Sarapiqui,10.406897,-84.11967,700,Gbif,
YPM HERR 016852,Rhadinaea decorata,Costa Rica,Heredia Province,Las Horquetas de Sarapiqui,10.415855,-84.119682,700,Gbif,
YPM HERR 017107,Rhadinaea decorata,Costa Rica,Heredia Province,Las Horquetas de Sarapiqui,10.416767,-84.124002,700,Gbif,
