key;scientificName;decimalLatitude;decimalLongitude;issues;datasetKey;basisOfRecord;occurrenceStatus;acceptedScientificName;kingdom;phylum;family;genus;species;genericName;specificEpithet;taxonRank;taxonomicStatus;iucnRedListCategory;class
4510187739;Mastigodryas boddaerti ruthveni (Stuart, 1933);11,102645;-74,071861;cdc,cdround;50c9509d-22c7-4a22-a47d-8c48425ef4a7;HUMAN_OBSERVATION;PRESENT;Mastigodryas boddaerti ruthveni (Stuart, 1933);Animalia;Chordata;Colubridae;Mastigodryas;Mastigodryas boddaerti;Mastigodryas;boddaerti;SUBSPECIES;ACCEPTED;NA;Squamata
4510164065;Gonatodes albogularis fuscus (Hallowell, 1855);11,236911;-74,147557;cdc,cdround;50c9509d-22c7-4a22-a47d-8c48425ef4a7;HUMAN_OBSERVATION;PRESENT;Gonatodes albogularis fuscus (Hallowell, 1855);Animalia;Chordata;Sphaerodactylidae;Gonatodes;Gonatodes albogularis;Gonatodes;albogularis;SUBSPECIES;ACCEPTED;NA;Squamata
4510383127;Anolis auratus Daudin, 1802;11,236911;-74,147557;cdc,cdround;50c9509d-22c7-4a22-a47d-8c48425ef4a7;HUMAN_OBSERVATION;PRESENT;Anolis auratus Daudin, 1802;Animalia;Chordata;Dactyloidae;Anolis;Anolis auratus;Anolis;auratus;SPECIES;ACCEPTED;LC;Squamata
4512139216;Rhinella horribilis (Wiegmann, 1833);11,270515;-73,921472;cdc,cdround;50c9509d-22c7-4a22-a47d-8c48425ef4a7;HUMAN_OBSERVATION;PRESENT;Rhinella horribilis (Wiegmann, 1833);Animalia;Chordata;Bufonidae;Rhinella;Rhinella horribilis;Rhinella;horribilis;SPECIES;ACCEPTED;NE;Amphibia
4512233632;Pseudoboa neuwiedii (Duméril, Bibron & Duméril, 1854);11,322541;-73,955253;cdc,cdround;50c9509d-22c7-4a22-a47d-8c48425ef4a7;HUMAN_OBSERVATION;PRESENT;Pseudoboa neuwiedii (Duméril, Bibron & Duméril, 1854);Animalia;Chordata;Colubridae;Pseudoboa;Pseudoboa neuwiedii;Pseudoboa;neuwiedii;SPECIES;ACCEPTED;LC;Squamata
4512268274;Cnemidophorus gaigei Ruthven, 1915;11,320593;-74,098192;cdc,cdround;50c9509d-22c7-4a22-a47d-8c48425ef4a7;HUMAN_OBSERVATION;PRESENT;Cnemidophorus gaigei Ruthven, 1915;Animalia;Chordata;Teiidae;Cnemidophorus;Cnemidophorus gaigei;Cnemidophorus;gaigei;SPECIES;ACCEPTED;NE;Squamata
4512238973;Cebus malitiosus Elliot, 1909;11,235401;-73,955896;cdc,cdround;50c9509d-22c7-4a22-a47d-8c48425ef4a7;HUMAN_OBSERVATION;PRESENT;Cebus malitiosus Elliot, 1909;Animalia;Chordata;Cebidae;Cebus;Cebus malitiosus;Cebus;malitiosus;SPECIES;ACCEPTED;EN;Mammalia
4512324396;Thecadactylus rapicauda (Houttuyn, 1782);11,202;-74,08663;cdc;50c9509d-22c7-4a22-a47d-8c48425ef4a7;HUMAN_OBSERVATION;PRESENT;Thecadactylus rapicauda (Houttuyn, 1782);Animalia;Chordata;Phyllodactylidae;Thecadactylus;Thecadactylus rapicauda;Thecadactylus;rapicauda;SPECIES;ACCEPTED;LC;Squamata
4512324972;Iguana iguana (Linnaeus, 1758);11,285633;-74,231951;cdc,cdround;50c9509d-22c7-4a22-a47d-8c48425ef4a7;HUMAN_OBSERVATION;PRESENT;Iguana iguana (Linnaeus, 1758);Animalia;Chordata;Iguanidae;Iguana;Iguana iguana;Iguana;iguana;SPECIES;ACCEPTED;LC;Squamata
4516813647;Iguana iguana (Linnaeus, 1758);11,270617;-74,196428;cdc,cdround;50c9509d-22c7-4a22-a47d-8c48425ef4a7;HUMAN_OBSERVATION;PRESENT;Iguana iguana (Linnaeus, 1758);Animalia;Chordata;Iguanidae;Iguana;Iguana iguana;Iguana;iguana;SPECIES;ACCEPTED;LC;Squamata
4516723118;Boana platanera Escalona, Marca, Castellanos, Fouquet, Crawford, Rojas-Runjaic, Giaretta, Señaris & Castroviejo-Fisher, 2021;11,257066;-73,892692;cdc,cdround;50c9509d-22c7-4a22-a47d-8c48425ef4a7;HUMAN_OBSERVATION;PRESENT;Boana platanera Escalona, Marca, Castellanos, Fouquet, Crawford, Rojas-Runjaic, Giaretta, Señaris & Castroviejo-Fisher, 2021;Animalia;Chordata;Hylidae;Boana;Boana platanera;Boana;platanera;SPECIES;ACCEPTED;NE;Amphibia
4516475872;Hemidactylus frenatus Duméril & Bibron, 1836;11,289312;-73,913851;cdc,cdround;50c9509d-22c7-4a22-a47d-8c48425ef4a7;HUMAN_OBSERVATION;PRESENT;Hemidactylus frenatus Duméril & Bibron, 1836;Animalia;Chordata;Gekkonidae;Hemidactylus;Hemidactylus frenatus;Hemidactylus;frenatus;SPECIES;ACCEPTED;NE;Squamata
4516840799;Cerdocyon thous (Linnaeus, 1766);11,299606;-73,915977;cdc;50c9509d-22c7-4a22-a47d-8c48425ef4a7;HUMAN_OBSERVATION;PRESENT;Cerdocyon thous (Linnaeus, 1766);Animalia;Chordata;Canidae;Cerdocyon;Cerdocyon thous;Cerdocyon;thous;SPECIES;ACCEPTED;LC;Mammalia
4516680807;Sciurus granatensis Humboldt, 1811;11,096781;-74,069636;cdc,cdround;50c9509d-22c7-4a22-a47d-8c48425ef4a7;HUMAN_OBSERVATION;PRESENT;Sciurus granatensis Humboldt, 1811;Animalia;Chordata;Sciuridae;Sciurus;Sciurus granatensis;Sciurus;granatensis;SPECIES;ACCEPTED;LC;Mammalia
4519142380;Atractus sanctaemartae Dunn, 1946;11,101405;-74,072032;cdc,cdround;50c9509d-22c7-4a22-a47d-8c48425ef4a7;HUMAN_OBSERVATION;PRESENT;Atractus sanctaemartae Dunn, 1946;Animalia;Chordata;Colubridae;Atractus;Atractus sanctaemartae;Atractus;sanctaemartae;SPECIES;ACCEPTED;LC;Squamata
4519202177;Cnemidophorus gaigei Ruthven, 1915;11,334369;-73,990477;cdc,cdround;50c9509d-22c7-4a22-a47d-8c48425ef4a7;HUMAN_OBSERVATION;PRESENT;Cnemidophorus gaigei Ruthven, 1915;Animalia;Chordata;Teiidae;Cnemidophorus;Cnemidophorus gaigei;Cnemidophorus;gaigei;SPECIES;ACCEPTED;NE;Squamata
4519231927;Dendrobates truncatus (Cope, 1861);11,328485;-73,99627;cdc,cdround;50c9509d-22c7-4a22-a47d-8c48425ef4a7;HUMAN_OBSERVATION;PRESENT;Dendrobates truncatus (Cope, 1861);Animalia;Chordata;Dendrobatidae;Dendrobates;Dendrobates truncatus;Dendrobates;truncatus;SPECIES;ACCEPTED;LC;Amphibia
4522528163;Basiliscus basiliscus (Linnaeus, 1758);11,325346;-73,962982;cdc,cdround;50c9509d-22c7-4a22-a47d-8c48425ef4a7;HUMAN_OBSERVATION;PRESENT;Basiliscus basiliscus (Linnaeus, 1758);Animalia;Chordata;Corytophanidae;Basiliscus;Basiliscus basiliscus;Basiliscus;basiliscus;SPECIES;ACCEPTED;LC;Squamata
4522686867;Alouatta seniculus (Linnaeus, 1766);11,357771;-73,882285;cdround;50c9509d-22c7-4a22-a47d-8c48425ef4a7;HUMAN_OBSERVATION;PRESENT;Alouatta seniculus (Linnaeus, 1766);Animalia;Chordata;Atelidae;Alouatta;Alouatta seniculus;Alouatta;seniculus;SPECIES;ACCEPTED;LC;Mammalia
4600015378;Aotus griseimembra Elliot, 1912;11,324175;-73,97733;cdc,cdround;50c9509d-22c7-4a22-a47d-8c48425ef4a7;HUMAN_OBSERVATION;PRESENT;Aotus griseimembra Elliot, 1912;Animalia;Chordata;Aotidae;Aotus;Aotus griseimembra;Aotus;griseimembra;SPECIES;ACCEPTED;VU;Mammalia
4525155106;Atelopus laetissimus Ruiz-Carranza, Ardila-Robayo & Hernández-Camacho, 1994;10,918577;-73,907789;cdc,cdround;50c9509d-22c7-4a22-a47d-8c48425ef4a7;HUMAN_OBSERVATION;PRESENT;Atelopus laetissimus Ruiz-Carranza, Ardila-Robayo & Hernández-Camacho, 1994;Animalia;Chordata;Bufonidae;Atelopus;Atelopus laetissimus;Atelopus;laetissimus;SPECIES;ACCEPTED;EN;Amphibia
4528310481;Erythrolamprus epinephalus kogiorum (Bernal-Carlo, 1994);10,876922;-74,021122;cdc,cdround;50c9509d-22c7-4a22-a47d-8c48425ef4a7;HUMAN_OBSERVATION;PRESENT;Erythrolamprus epinephalus kogiorum (Bernal-Carlo, 1994);Animalia;Chordata;Colubridae;Erythrolamprus;Erythrolamprus epinephalus;Erythrolamprus;epinephalus;SUBSPECIES;ACCEPTED;NA;Squamata
4606674334;Strabomantidae;10,947931;-73,892784;cdc,cdround,txmathi;50c9509d-22c7-4a22-a47d-8c48425ef4a7;HUMAN_OBSERVATION;PRESENT;Craugastoridae;Animalia;Chordata;Craugastoridae;NA;NA;NA;NA;FAMILY;SYNONYM;NA;Amphibia
4535587228;Saccopteryx bilineata (Temminck, 1838);11,301095;-73,917895;cdc,cdround;50c9509d-22c7-4a22-a47d-8c48425ef4a7;HUMAN_OBSERVATION;PRESENT;Saccopteryx bilineata (Temminck, 1838);Animalia;Chordata;Emballonuridae;Saccopteryx;Saccopteryx bilineata;Saccopteryx;bilineata;SPECIES;ACCEPTED;LC;Mammalia
4535788133;Uroderma bilobatum Peters, 1866;11,302944;-73,923424;cdc,cdround;50c9509d-22c7-4a22-a47d-8c48425ef4a7;HUMAN_OBSERVATION;PRESENT;Uroderma bilobatum Peters, 1866;Animalia;Chordata;Phyllostomidae;Uroderma;Uroderma bilobatum;Uroderma;bilobatum;SPECIES;ACCEPTED;LC;Mammalia
4528342501;Leptodeira ashmeadii (Hallowell, 1845);11,29581;-73,912161;cdc,cdround;50c9509d-22c7-4a22-a47d-8c48425ef4a7;HUMAN_OBSERVATION;PRESENT;Leptodeira ashmeadii (Hallowell, 1845);Animalia;Chordata;Colubridae;Leptodeira;Leptodeira ashmeadii;Leptodeira;ashmeadii;SPECIES;ACCEPTED;NE;Squamata
4535817199;Coendou longicaudatus Daudin, 1802;11,29581;-73,912161;cdc,cdround;50c9509d-22c7-4a22-a47d-8c48425ef4a7;HUMAN_OBSERVATION;PRESENT;Coendou longicaudatus Daudin, 1802;Animalia;Chordata;Erethizontidae;Coendou;Coendou longicaudatus;Coendou;longicaudatus;SPECIES;ACCEPTED;NE;Mammalia
4528292582;Thecadactylus rapicauda (Houttuyn, 1782);11,297066;-73,913561;cdc,cdround;50c9509d-22c7-4a22-a47d-8c48425ef4a7;HUMAN_OBSERVATION;PRESENT;Thecadactylus rapicauda (Houttuyn, 1782);Animalia;Chordata;Phyllodactylidae;Thecadactylus;Thecadactylus rapicauda;Thecadactylus;rapicauda;SPECIES;ACCEPTED;LC;Squamata
4528075403;Anolis biporcatus (Wiegmann, 1834);11,288899;-73,905272;cdc,cdround;50c9509d-22c7-4a22-a47d-8c48425ef4a7;HUMAN_OBSERVATION;PRESENT;Anolis biporcatus (Wiegmann, 1834);Animalia;Chordata;Dactyloidae;Anolis;Anolis biporcatus;Anolis;biporcatus;SPECIES;ACCEPTED;LC;Squamata
4535884206;Coendou longicaudatus Daudin, 1802;11,288899;-73,905272;cdc,cdround;50c9509d-22c7-4a22-a47d-8c48425ef4a7;HUMAN_OBSERVATION;PRESENT;Coendou longicaudatus Daudin, 1802;Animalia;Chordata;Erethizontidae;Coendou;Coendou longicaudatus;Coendou;longicaudatus;SPECIES;ACCEPTED;NE;Mammalia
4535923191;Iguana iguana (Linnaeus, 1758);11,142845;-74,118887;cdc,cdround;50c9509d-22c7-4a22-a47d-8c48425ef4a7;HUMAN_OBSERVATION;PRESENT;Iguana iguana (Linnaeus, 1758);Animalia;Chordata;Iguanidae;Iguana;Iguana iguana;Iguana;iguana;SPECIES;ACCEPTED;LC;Squamata
4597448623;Basiliscus basiliscus (Linnaeus, 1758);11,27754;-73,928318;cdc,cdround;50c9509d-22c7-4a22-a47d-8c48425ef4a7;HUMAN_OBSERVATION;PRESENT;Basiliscus basiliscus (Linnaeus, 1758);Animalia;Chordata;Corytophanidae;Basiliscus;Basiliscus basiliscus;Basiliscus;basiliscus;SPECIES;ACCEPTED;LC;Squamata
4607435565;Saguinus oedipus (Linnaeus, 1758);11,225148;-73,973613;cdc,cdround;50c9509d-22c7-4a22-a47d-8c48425ef4a7;HUMAN_OBSERVATION;PRESENT;Saguinus oedipus (Linnaeus, 1758);Animalia;Chordata;Callitrichidae;Saguinus;Saguinus oedipus;Saguinus;oedipus;SPECIES;ACCEPTED;CR;Mammalia
4607285769;Cnemidophorus gaigei Ruthven, 1915;11,324623;-73,962196;cdc,cdround;50c9509d-22c7-4a22-a47d-8c48425ef4a7;HUMAN_OBSERVATION;PRESENT;Cnemidophorus gaigei Ruthven, 1915;Animalia;Chordata;Teiidae;Cnemidophorus;Cnemidophorus gaigei;Cnemidophorus;gaigei;SPECIES;ACCEPTED;NE;Squamata
4607061710;Cebus malitiosus Elliot, 1909;11,298662;-73,950702;cdc,cdround;50c9509d-22c7-4a22-a47d-8c48425ef4a7;HUMAN_OBSERVATION;PRESENT;Cebus malitiosus Elliot, 1909;Animalia;Chordata;Cebidae;Cebus;Cebus malitiosus;Cebus;malitiosus;SPECIES;ACCEPTED;EN;Mammalia
4607397488;Gonatodes albogularis fuscus (Hallowell, 1855);11,312538;-73,936552;cdc,cdround;50c9509d-22c7-4a22-a47d-8c48425ef4a7;HUMAN_OBSERVATION;PRESENT;Gonatodes albogularis fuscus (Hallowell, 1855);Animalia;Chordata;Sphaerodactylidae;Gonatodes;Gonatodes albogularis;Gonatodes;albogularis;SUBSPECIES;ACCEPTED;NA;Squamata
4606796882;Tamandua mexicana (Saussure, 1860);11,299538;-73,916405;cdc,cdround;50c9509d-22c7-4a22-a47d-8c48425ef4a7;HUMAN_OBSERVATION;PRESENT;Tamandua mexicana (Saussure, 1860);Animalia;Chordata;Myrmecophagidae;Tamandua;Tamandua mexicana;Tamandua;mexicana;SPECIES;ACCEPTED;LC;Mammalia
4606705223;Saguinus oedipus (Linnaeus, 1758);11,395705;-73,981898;cdround;50c9509d-22c7-4a22-a47d-8c48425ef4a7;HUMAN_OBSERVATION;PRESENT;Saguinus oedipus (Linnaeus, 1758);Animalia;Chordata;Callitrichidae;Saguinus;Saguinus oedipus;Saguinus;oedipus;SPECIES;ACCEPTED;CR;Mammalia
4606788025;Basiliscus basiliscus (Linnaeus, 1758);11,275128;-73,920083;cdc,cdround;50c9509d-22c7-4a22-a47d-8c48425ef4a7;HUMAN_OBSERVATION;PRESENT;Basiliscus basiliscus (Linnaeus, 1758);Animalia;Chordata;Corytophanidae;Basiliscus;Basiliscus basiliscus;Basiliscus;basiliscus;SPECIES;ACCEPTED;LC;Squamata
4606850701;Strabomantidae;10,848104;-73,921311;cdc,cdround,txmathi;50c9509d-22c7-4a22-a47d-8c48425ef4a7;HUMAN_OBSERVATION;PRESENT;Craugastoridae;Animalia;Chordata;Craugastoridae;NA;NA;NA;NA;FAMILY;SYNONYM;NA;Amphibia
4607537318;Cnemidophorus gaigei Ruthven, 1915;11,299225;-73,997728;cdc,cdround;50c9509d-22c7-4a22-a47d-8c48425ef4a7;HUMAN_OBSERVATION;PRESENT;Cnemidophorus gaigei Ruthven, 1915;Animalia;Chordata;Teiidae;Cnemidophorus;Cnemidophorus gaigei;Cnemidophorus;gaigei;SPECIES;ACCEPTED;NE;Squamata
4607457941;Leptodeira ashmeadii (Hallowell, 1845);11,296852;-73,913149;cdc,cdround;50c9509d-22c7-4a22-a47d-8c48425ef4a7;HUMAN_OBSERVATION;PRESENT;Leptodeira ashmeadii (Hallowell, 1845);Animalia;Chordata;Colubridae;Leptodeira;Leptodeira ashmeadii;Leptodeira;ashmeadii;SPECIES;ACCEPTED;NE;Squamata
4606952951;Ameiva praesignis (Baird & Girard, 1852);10,855984;-74,03243;cdc,cdround;50c9509d-22c7-4a22-a47d-8c48425ef4a7;HUMAN_OBSERVATION;PRESENT;Ameiva praesignis (Baird & Girard, 1852);Animalia;Chordata;Teiidae;Ameiva;Ameiva praesignis;Ameiva;praesignis;SPECIES;ACCEPTED;LC;Squamata
4607029309;Saguinus oedipus (Linnaeus, 1758);11,312626;-73,981074;cdc,cdround;50c9509d-22c7-4a22-a47d-8c48425ef4a7;HUMAN_OBSERVATION;PRESENT;Saguinus oedipus (Linnaeus, 1758);Animalia;Chordata;Callitrichidae;Saguinus;Saguinus oedipus;Saguinus;oedipus;SPECIES;ACCEPTED;CR;Mammalia
4607029407;Saguinus oedipus (Linnaeus, 1758);11,345656;-73,804952;cdround;50c9509d-22c7-4a22-a47d-8c48425ef4a7;HUMAN_OBSERVATION;PRESENT;Saguinus oedipus (Linnaeus, 1758);Animalia;Chordata;Callitrichidae;Saguinus;Saguinus oedipus;Saguinus;oedipus;SPECIES;ACCEPTED;CR;Mammalia
4847109003;Bolitoglossa savagei Brame & Wake, 1963;11,075749;-74,065722;cdc,cdround;50c9509d-22c7-4a22-a47d-8c48425ef4a7;HUMAN_OBSERVATION;PRESENT;Bolitoglossa savagei Brame & Wake, 1963;Animalia;Chordata;Plethodontidae;Bolitoglossa;Bolitoglossa savagei;Bolitoglossa;savagei;SPECIES;ACCEPTED;NT;Amphibia
4846812955;Bolitoglossa savagei Brame & Wake, 1963;11,028791;-74,067991;cdc,cdround;50c9509d-22c7-4a22-a47d-8c48425ef4a7;HUMAN_OBSERVATION;PRESENT;Bolitoglossa savagei Brame & Wake, 1963;Animalia;Chordata;Plethodontidae;Bolitoglossa;Bolitoglossa savagei;Bolitoglossa;savagei;SPECIES;ACCEPTED;NT;Amphibia
4846891397;Cnemidophorus gaigei Ruthven, 1915;11,320897;-73,955267;cdc,cdround;50c9509d-22c7-4a22-a47d-8c48425ef4a7;HUMAN_OBSERVATION;PRESENT;Cnemidophorus gaigei Ruthven, 1915;Animalia;Chordata;Teiidae;Cnemidophorus;Cnemidophorus gaigei;Cnemidophorus;gaigei;SPECIES;ACCEPTED;NE;Squamata
4847078148;Dasyprocta punctata Gray, 1842;11,319283;-73,954675;cdc,cdround;50c9509d-22c7-4a22-a47d-8c48425ef4a7;HUMAN_OBSERVATION;PRESENT;Dasyprocta punctata Gray, 1842;Animalia;Chordata;Dasyproctidae;Dasyprocta;Dasyprocta punctata;Dasyprocta;punctata;SPECIES;ACCEPTED;LC;Mammalia
4846956522;Gonatodes albogularis fuscus (Hallowell, 1855);11,311594;-73,94665;cdc,cdround;50c9509d-22c7-4a22-a47d-8c48425ef4a7;HUMAN_OBSERVATION;PRESENT;Gonatodes albogularis fuscus (Hallowell, 1855);Animalia;Chordata;Sphaerodactylidae;Gonatodes;Gonatodes albogularis;Gonatodes;albogularis;SUBSPECIES;ACCEPTED;NA;Squamata
4855178719;Cebus malitiosus Elliot, 1909;11,371742;-73,931493;cdround;50c9509d-22c7-4a22-a47d-8c48425ef4a7;HUMAN_OBSERVATION;PRESENT;Cebus malitiosus Elliot, 1909;Animalia;Chordata;Cebidae;Cebus;Cebus malitiosus;Cebus;malitiosus;SPECIES;ACCEPTED;EN;Mammalia
4522619813;Didelphis marsupialis Linnaeus, 1758;11,254375;-73,6483;cdc,cdround;50c9509d-22c7-4a22-a47d-8c48425ef4a7;HUMAN_OBSERVATION;PRESENT;Didelphis marsupialis Linnaeus, 1758;Animalia;Chordata;Didelphidae;Didelphis;Didelphis marsupialis;Didelphis;marsupialis;SPECIES;ACCEPTED;LC;Mammalia
4525087089;Anolis solitarius Ruthven, 1916;11,190642;-74,06731;cdc,cdround;50c9509d-22c7-4a22-a47d-8c48425ef4a7;HUMAN_OBSERVATION;PRESENT;Anolis solitarius Ruthven, 1916;Animalia;Chordata;Dactyloidae;Anolis;Anolis solitarius;Anolis;solitarius;SPECIES;ACCEPTED;NT;Squamata
4599988370;Cebus malitiosus Elliot, 1909;11,255067;-73,995225;cdc,cdround;50c9509d-22c7-4a22-a47d-8c48425ef4a7;HUMAN_OBSERVATION;PRESENT;Cebus malitiosus Elliot, 1909;Animalia;Chordata;Cebidae;Cebus;Cebus malitiosus;Cebus;malitiosus;SPECIES;ACCEPTED;EN;Mammalia
4535896619;Gonatodes albogularis (Duméril & Bibron, 1836);11,147822;-74,124327;cdc,cdround;50c9509d-22c7-4a22-a47d-8c48425ef4a7;HUMAN_OBSERVATION;PRESENT;Gonatodes albogularis (Duméril & Bibron, 1836);Animalia;Chordata;Sphaerodactylidae;Gonatodes;Gonatodes albogularis;Gonatodes;albogularis;SPECIES;ACCEPTED;LC;Squamata
4535646604;Sciurus granatensis Humboldt, 1811;11,147169;-74,124311;cdc,cdround;50c9509d-22c7-4a22-a47d-8c48425ef4a7;HUMAN_OBSERVATION;PRESENT;Sciurus granatensis Humboldt, 1811;Animalia;Chordata;Sciuridae;Sciurus;Sciurus granatensis;Sciurus;granatensis;SPECIES;ACCEPTED;LC;Mammalia
4535920644;Cnemidophorus gaigei Ruthven, 1915;11,147767;-74,124417;cdc,cdround;50c9509d-22c7-4a22-a47d-8c48425ef4a7;HUMAN_OBSERVATION;PRESENT;Cnemidophorus gaigei Ruthven, 1915;Animalia;Chordata;Teiidae;Cnemidophorus;Cnemidophorus gaigei;Cnemidophorus;gaigei;SPECIES;ACCEPTED;NE;Squamata
4535940856;Cebus malitiosus Elliot, 1909;11,27988;-73,923908;cdc,cdround;50c9509d-22c7-4a22-a47d-8c48425ef4a7;HUMAN_OBSERVATION;PRESENT;Cebus malitiosus Elliot, 1909;Animalia;Chordata;Cebidae;Cebus;Cebus malitiosus;Cebus;malitiosus;SPECIES;ACCEPTED;EN;Mammalia
4535692921;Stenocercus erythrogaster (Hallowell, 1856);11,326512;-73,978845;cdc,cdround;50c9509d-22c7-4a22-a47d-8c48425ef4a7;HUMAN_OBSERVATION;PRESENT;Stenocercus erythrogaster (Hallowell, 1856);Animalia;Chordata;Tropiduridae;Stenocercus;Stenocercus erythrogaster;Stenocercus;erythrogaster;SPECIES;ACCEPTED;LC;Squamata
4535636874;Iguana iguana (Linnaeus, 1758);11,041473;-74,216519;cdc,cdround;50c9509d-22c7-4a22-a47d-8c48425ef4a7;HUMAN_OBSERVATION;PRESENT;Iguana iguana (Linnaeus, 1758);Animalia;Chordata;Iguanidae;Iguana;Iguana iguana;Iguana;iguana;SPECIES;ACCEPTED;LC;Squamata
4901957637;Alouatta seniculus (Linnaeus, 1766);11,169746;-74,144777;cdc,cdround;50c9509d-22c7-4a22-a47d-8c48425ef4a7;HUMAN_OBSERVATION;PRESENT;Alouatta seniculus (Linnaeus, 1766);Animalia;Chordata;Atelidae;Alouatta;Alouatta seniculus;Alouatta;seniculus;SPECIES;ACCEPTED;LC;Mammalia
4536025404;Procyon cancrivorus G;10,970907;-74,248368;cdc,cdround;50c9509d-22c7-4a22-a47d-8c48425ef4a7;HUMAN_OBSERVATION;PRESENT;Procyon cancrivorus G;Animalia;Chordata;Procyonidae;Procyon;Procyon cancrivorus;Procyon;cancrivorus;SPECIES;ACCEPTED;LC;Mammalia
4596913617;Iguana iguana (Linnaeus, 1758);11,24035;-74,211023;cdc,cdround;50c9509d-22c7-4a22-a47d-8c48425ef4a7;HUMAN_OBSERVATION;PRESENT;Iguana iguana (Linnaeus, 1758);Animalia;Chordata;Iguanidae;Iguana;Iguana iguana;Iguana;iguana;SPECIES;ACCEPTED;LC;Squamata
4597326088;Cnemidophorus gaigei Ruthven, 1915;11,255576;-73,790149;cdc,cdround;50c9509d-22c7-4a22-a47d-8c48425ef4a7;HUMAN_OBSERVATION;PRESENT;Cnemidophorus gaigei Ruthven, 1915;Animalia;Chordata;Teiidae;Cnemidophorus;Cnemidophorus gaigei;Cnemidophorus;gaigei;SPECIES;ACCEPTED;NE;Squamata
4596971475;Cebus malitiosus Elliot, 1909;11,348579;-73,926363;cdc,cdround;50c9509d-22c7-4a22-a47d-8c48425ef4a7;HUMAN_OBSERVATION;PRESENT;Cebus malitiosus Elliot, 1909;Animalia;Chordata;Cebidae;Cebus;Cebus malitiosus;Cebus;malitiosus;SPECIES;ACCEPTED;EN;Mammalia
4596966659;Ameiva bifrontata Cope, 1862;11,295641;-73,927473;cdc,cdround;50c9509d-22c7-4a22-a47d-8c48425ef4a7;HUMAN_OBSERVATION;PRESENT;Ameiva bifrontata Cope, 1862;Animalia;Chordata;Teiidae;Ameiva;Ameiva bifrontata;Ameiva;bifrontata;SPECIES;ACCEPTED;LC;Squamata
4596949091;Colostethus ruthveni Kaplan, 1997;11,020031;-74,192197;cdc,cdround;50c9509d-22c7-4a22-a47d-8c48425ef4a7;HUMAN_OBSERVATION;PRESENT;Colostethus ruthveni Kaplan, 1997;Animalia;Chordata;Dendrobatidae;Colostethus;Colostethus ruthveni;Colostethus;ruthveni;SPECIES;ACCEPTED;NT;Amphibia
4597382115;Alouatta seniculus (Linnaeus, 1766);11,142457;-74,113283;cdc,cdround;50c9509d-22c7-4a22-a47d-8c48425ef4a7;HUMAN_OBSERVATION;PRESENT;Alouatta seniculus (Linnaeus, 1766);Animalia;Chordata;Atelidae;Alouatta;Alouatta seniculus;Alouatta;seniculus;SPECIES;ACCEPTED;LC;Mammalia
4597071890;Sciurus granatensis Humboldt, 1811;11,140196;-74,120189;cdc,cdround;50c9509d-22c7-4a22-a47d-8c48425ef4a7;HUMAN_OBSERVATION;PRESENT;Sciurus granatensis Humboldt, 1811;Animalia;Chordata;Sciuridae;Sciurus;Sciurus granatensis;Sciurus;granatensis;SPECIES;ACCEPTED;LC;Mammalia
4606910739;Sibon nebulatus (Linnaeus, 1758);11,111705;-74,094086;cdc,cdround;50c9509d-22c7-4a22-a47d-8c48425ef4a7;HUMAN_OBSERVATION;PRESENT;Sibon nebulatus (Linnaeus, 1758);Animalia;Chordata;Colubridae;Sibon;Sibon nebulatus;Sibon;nebulatus;SPECIES;ACCEPTED;LC;Squamata
4852723875;Tachiramantis Heinicke, Barrio-Amorós & Hedges, 2015;11,107965;-74,064991;cdc,cdround,txmathi;50c9509d-22c7-4a22-a47d-8c48425ef4a7;HUMAN_OBSERVATION;PRESENT;Tachiramantis Heinicke, Barrio-Amorós & Hedges, 2015;Animalia;Chordata;Craugastoridae;Tachiramantis;NA;Tachiramantis;NA;GENUS;ACCEPTED;NE;Amphibia
4852274250;Strabomantidae;11,137442;-74,102643;cdc,cdround,txmathi;50c9509d-22c7-4a22-a47d-8c48425ef4a7;HUMAN_OBSERVATION;PRESENT;Craugastoridae;Animalia;Chordata;Craugastoridae;NA;NA;NA;NA;FAMILY;SYNONYM;NA;Amphibia
4852311037;Anolis solitarius Ruthven, 1916;11,190953;-74,182622;cdc,cdround;50c9509d-22c7-4a22-a47d-8c48425ef4a7;HUMAN_OBSERVATION;PRESENT;Anolis solitarius Ruthven, 1916;Animalia;Chordata;Dactyloidae;Anolis;Anolis solitarius;Anolis;solitarius;SPECIES;ACCEPTED;NT;Squamata
4852449668;Strabomantidae;11,150207;-74,170557;cdc,cdround,txmathi;50c9509d-22c7-4a22-a47d-8c48425ef4a7;HUMAN_OBSERVATION;PRESENT;Craugastoridae;Animalia;Chordata;Craugastoridae;NA;NA;NA;NA;FAMILY;SYNONYM;NA;Amphibia
4852386886;Tachiramantis Heinicke, Barrio-Amorós & Hedges, 2015;11,086632;-74,008063;cdc,cdround,txmathi;50c9509d-22c7-4a22-a47d-8c48425ef4a7;HUMAN_OBSERVATION;PRESENT;Tachiramantis Heinicke, Barrio-Amorós & Hedges, 2015;Animalia;Chordata;Craugastoridae;Tachiramantis;NA;Tachiramantis;NA;GENUS;ACCEPTED;NE;Amphibia
4875232702;Basiliscus basiliscus barbouri Ruthven, 1914;11,273478;-73,919255;cdc,cdround;50c9509d-22c7-4a22-a47d-8c48425ef4a7;HUMAN_OBSERVATION;PRESENT;Basiliscus basiliscus barbouri Ruthven, 1914;Animalia;Chordata;Corytophanidae;Basiliscus;Basiliscus basiliscus;Basiliscus;basiliscus;SUBSPECIES;ACCEPTED;NA;Squamata
4901754676;Stenocercus erythrogaster (Hallowell, 1856);11,193135;-74,099098;cdc,cdround;50c9509d-22c7-4a22-a47d-8c48425ef4a7;HUMAN_OBSERVATION;PRESENT;Stenocercus erythrogaster (Hallowell, 1856);Animalia;Chordata;Tropiduridae;Stenocercus;Stenocercus erythrogaster;Stenocercus;erythrogaster;SPECIES;ACCEPTED;LC;Squamata
4535741243;Iguana iguana (Linnaeus, 1758);11,051602;-74,206198;cdc,cdround;50c9509d-22c7-4a22-a47d-8c48425ef4a7;HUMAN_OBSERVATION;PRESENT;Iguana iguana (Linnaeus, 1758);Animalia;Chordata;Iguanidae;Iguana;Iguana iguana;Iguana;iguana;SPECIES;ACCEPTED;LC;Squamata
4596904950;Basiliscus basiliscus barbouri Ruthven, 1914;11,141623;-74,119136;cdc,cdround;50c9509d-22c7-4a22-a47d-8c48425ef4a7;HUMAN_OBSERVATION;PRESENT;Basiliscus basiliscus barbouri Ruthven, 1914;Animalia;Chordata;Corytophanidae;Basiliscus;Basiliscus basiliscus;Basiliscus;basiliscus;SUBSPECIES;ACCEPTED;NA;Squamata
4597187323;Porthidium lansbergii (Schlegel, 1841);11,054037;-74,213268;cdc,cdround;50c9509d-22c7-4a22-a47d-8c48425ef4a7;HUMAN_OBSERVATION;PRESENT;Porthidium lansbergii (Schlegel, 1841);Animalia;Chordata;Viperidae;Porthidium;Porthidium lansbergii;Porthidium;lansbergii;SPECIES;ACCEPTED;LC;Squamata
4600070065;Imantodes cenchoa (Linnaeus, 1758);11,275255;-73,956734;cdc,cdround;50c9509d-22c7-4a22-a47d-8c48425ef4a7;HUMAN_OBSERVATION;PRESENT;Imantodes cenchoa (Linnaeus, 1758);Animalia;Chordata;Colubridae;Imantodes;Imantodes cenchoa;Imantodes;cenchoa;SPECIES;ACCEPTED;LC;Squamata
4600157873;Anolis biporcatus (Wiegmann, 1834);11,202;-74,08663;cdc;50c9509d-22c7-4a22-a47d-8c48425ef4a7;HUMAN_OBSERVATION;PRESENT;Anolis biporcatus (Wiegmann, 1834);Animalia;Chordata;Dactyloidae;Anolis;Anolis biporcatus;Anolis;biporcatus;SPECIES;ACCEPTED;LC;Squamata
4852077764;Dendrobates truncatus (Cope, 1861);11,28272;-74,02399;cdc,cdround;50c9509d-22c7-4a22-a47d-8c48425ef4a7;HUMAN_OBSERVATION;PRESENT;Dendrobates truncatus (Cope, 1861);Animalia;Chordata;Dendrobatidae;Dendrobates;Dendrobates truncatus;Dendrobates;truncatus;SPECIES;ACCEPTED;LC;Amphibia
4901235425;Iguana iguana (Linnaeus, 1758);11,157661;-74,226171;cdc,cdround;50c9509d-22c7-4a22-a47d-8c48425ef4a7;HUMAN_OBSERVATION;PRESENT;Iguana iguana (Linnaeus, 1758);Animalia;Chordata;Iguanidae;Iguana;Iguana iguana;Iguana;iguana;SPECIES;ACCEPTED;LC;Squamata
4919300714;Ameiva bifrontata Cope, 1862;11,296728;-74,150248;cdc,cdround;50c9509d-22c7-4a22-a47d-8c48425ef4a7;HUMAN_OBSERVATION;PRESENT;Ameiva bifrontata Cope, 1862;Animalia;Chordata;Teiidae;Ameiva;Ameiva bifrontata;Ameiva;bifrontata;SPECIES;ACCEPTED;LC;Squamata
4607021446;Alouatta seniculus (Linnaeus, 1766);11,10413;-74,087855;cdc;50c9509d-22c7-4a22-a47d-8c48425ef4a7;HUMAN_OBSERVATION;PRESENT;Alouatta seniculus (Linnaeus, 1766);Animalia;Chordata;Atelidae;Alouatta;Alouatta seniculus;Alouatta;seniculus;SPECIES;ACCEPTED;LC;Mammalia
4607422802;Bolitoglossa savagei Brame & Wake, 1963;11,05308;-74,149876;cdc,cdround;50c9509d-22c7-4a22-a47d-8c48425ef4a7;HUMAN_OBSERVATION;PRESENT;Bolitoglossa savagei Brame & Wake, 1963;Animalia;Chordata;Plethodontidae;Bolitoglossa;Bolitoglossa savagei;Bolitoglossa;savagei;SPECIES;ACCEPTED;NT;Amphibia
4852744727;Mastigodryas boddaerti ruthveni (Stuart, 1933);11,100778;-74,071652;cdc,cdround;50c9509d-22c7-4a22-a47d-8c48425ef4a7;HUMAN_OBSERVATION;PRESENT;Mastigodryas boddaerti ruthveni (Stuart, 1933);Animalia;Chordata;Colubridae;Mastigodryas;Mastigodryas boddaerti;Mastigodryas;boddaerti;SUBSPECIES;ACCEPTED;NA;Squamata
4851757003;Atractus sanctaemartae Dunn, 1946;11,100778;-74,071652;cdc,cdround;50c9509d-22c7-4a22-a47d-8c48425ef4a7;HUMAN_OBSERVATION;PRESENT;Atractus sanctaemartae Dunn, 1946;Animalia;Chordata;Colubridae;Atractus;Atractus sanctaemartae;Atractus;sanctaemartae;SPECIES;ACCEPTED;LC;Squamata
4852858913;Strabomantidae;11,14165;-74,11642;cdc,cdround,txmathi;50c9509d-22c7-4a22-a47d-8c48425ef4a7;HUMAN_OBSERVATION;PRESENT;Craugastoridae;Animalia;Chordata;Craugastoridae;NA;NA;NA;NA;FAMILY;SYNONYM;NA;Amphibia
4852273802;Cebus malitiosus Elliot, 1909;11,014206;-73,87671;cdc,cdround;50c9509d-22c7-4a22-a47d-8c48425ef4a7;HUMAN_OBSERVATION;PRESENT;Cebus malitiosus Elliot, 1909;Animalia;Chordata;Cebidae;Cebus;Cebus malitiosus;Cebus;malitiosus;SPECIES;ACCEPTED;EN;Mammalia
4901905786;Alouatta seniculus (Linnaeus, 1766);11,095914;-73,834907;cdc,cdround;50c9509d-22c7-4a22-a47d-8c48425ef4a7;HUMAN_OBSERVATION;PRESENT;Alouatta seniculus (Linnaeus, 1766);Animalia;Chordata;Atelidae;Alouatta;Alouatta seniculus;Alouatta;seniculus;SPECIES;ACCEPTED;LC;Mammalia
4901125229;Alouatta seniculus (Linnaeus, 1766);11,100778;-74,071652;cdc,cdround;50c9509d-22c7-4a22-a47d-8c48425ef4a7;HUMAN_OBSERVATION;PRESENT;Alouatta seniculus (Linnaeus, 1766);Animalia;Chordata;Atelidae;Alouatta;Alouatta seniculus;Alouatta;seniculus;SPECIES;ACCEPTED;LC;Mammalia
4855476997;Tachiramantis Heinicke, Barrio-Amorós & Hedges, 2015;11,105637;-74,190239;cdc,cdround,txmathi;50c9509d-22c7-4a22-a47d-8c48425ef4a7;HUMAN_OBSERVATION;PRESENT;Tachiramantis Heinicke, Barrio-Amorós & Hedges, 2015;Animalia;Chordata;Craugastoridae;Tachiramantis;NA;Tachiramantis;NA;GENUS;ACCEPTED;NE;Amphibia
4855201426;Geobatrachus walkeri Ruthven, 1915;10,961202;-73,893514;cdc,cdround;50c9509d-22c7-4a22-a47d-8c48425ef4a7;HUMAN_OBSERVATION;PRESENT;Geobatrachus walkeri Ruthven, 1915;Animalia;Chordata;Craugastoridae;Geobatrachus;Geobatrachus walkeri;Geobatrachus;walkeri;SPECIES;ACCEPTED;EN;Amphibia
4855308128;Thecadactylus rapicauda (Houttuyn, 1782);11,276287;-73,921318;cdc,cdround;50c9509d-22c7-4a22-a47d-8c48425ef4a7;HUMAN_OBSERVATION;PRESENT;Thecadactylus rapicauda (Houttuyn, 1782);Animalia;Chordata;Phyllodactylidae;Thecadactylus;Thecadactylus rapicauda;Thecadactylus;rapicauda;SPECIES;ACCEPTED;LC;Squamata
4854984777;Rhinella horribilis (Wiegmann, 1833);11,275319;-73,921226;cdc,cdround;50c9509d-22c7-4a22-a47d-8c48425ef4a7;HUMAN_OBSERVATION;PRESENT;Rhinella horribilis (Wiegmann, 1833);Animalia;Chordata;Bufonidae;Rhinella;Rhinella horribilis;Rhinella;horribilis;SPECIES;ACCEPTED;NE;Amphibia
4908656133;Basiliscus basiliscus (Linnaeus, 1758);11,275269;-73,921152;cdc,cdround;50c9509d-22c7-4a22-a47d-8c48425ef4a7;HUMAN_OBSERVATION;PRESENT;Basiliscus basiliscus (Linnaeus, 1758);Animalia;Chordata;Corytophanidae;Basiliscus;Basiliscus basiliscus;Basiliscus;basiliscus;SPECIES;ACCEPTED;LC;Squamata
4855075163;Engystomops pustulosus (Cope, 1864);11,275351;-73,921341;cdc,cdround;50c9509d-22c7-4a22-a47d-8c48425ef4a7;HUMAN_OBSERVATION;PRESENT;Engystomops pustulosus (Cope, 1864);Animalia;Chordata;Leptodactylidae;Engystomops;Engystomops pustulosus;Engystomops;pustulosus;SPECIES;ACCEPTED;LC;Amphibia
4919313446;Atelopus laetissimus Ruiz-Carranza, Ardila-Robayo & Hernández-Camacho, 1994;10,938105;-73,822509;cdc,cdround;50c9509d-22c7-4a22-a47d-8c48425ef4a7;HUMAN_OBSERVATION;PRESENT;Atelopus laetissimus Ruiz-Carranza, Ardila-Robayo & Hernández-Camacho, 1994;Animalia;Chordata;Bufonidae;Atelopus;Atelopus laetissimus;Atelopus;laetissimus;SPECIES;ACCEPTED;EN;Amphibia
4863880406;Alouatta seniculus (Linnaeus, 1766);11,298646;-73,922171;cdc,cdround;50c9509d-22c7-4a22-a47d-8c48425ef4a7;HUMAN_OBSERVATION;PRESENT;Alouatta seniculus (Linnaeus, 1766);Animalia;Chordata;Atelidae;Alouatta;Alouatta seniculus;Alouatta;seniculus;SPECIES;ACCEPTED;LC;Mammalia
4855386421;Anolis auratus Daudin, 1802;11,236911;-74,147557;cdc,cdround;50c9509d-22c7-4a22-a47d-8c48425ef4a7;HUMAN_OBSERVATION;PRESENT;Anolis auratus Daudin, 1802;Animalia;Chordata;Dactyloidae;Anolis;Anolis auratus;Anolis;auratus;SPECIES;ACCEPTED;LC;Squamata
4872380689;Atelopus laetissimus Ruiz-Carranza, Ardila-Robayo & Hernández-Camacho, 1994;10,905462;-73,985094;cdc,cdround;50c9509d-22c7-4a22-a47d-8c48425ef4a7;HUMAN_OBSERVATION;PRESENT;Atelopus laetissimus Ruiz-Carranza, Ardila-Robayo & Hernández-Camacho, 1994;Animalia;Chordata;Bufonidae;Atelopus;Atelopus laetissimus;Atelopus;laetissimus;SPECIES;ACCEPTED;EN;Amphibia
4900870545;Atractus sanctaemartae Dunn, 1946;11,101405;-74,072032;cdc,cdround;50c9509d-22c7-4a22-a47d-8c48425ef4a7;HUMAN_OBSERVATION;PRESENT;Atractus sanctaemartae Dunn, 1946;Animalia;Chordata;Colubridae;Atractus;Atractus sanctaemartae;Atractus;sanctaemartae;SPECIES;ACCEPTED;LC;Squamata
4901051532;Tachiramantis Heinicke, Barrio-Amorós & Hedges, 2015;11,061651;-74,132054;cdc,cdround,txmathi;50c9509d-22c7-4a22-a47d-8c48425ef4a7;HUMAN_OBSERVATION;PRESENT;Tachiramantis Heinicke, Barrio-Amorós & Hedges, 2015;Animalia;Chordata;Craugastoridae;Tachiramantis;NA;Tachiramantis;NA;GENUS;ACCEPTED;NE;Amphibia
4902032354;Anolis solitarius Ruthven, 1916;11,107334;-74,151266;cdc,cdround;50c9509d-22c7-4a22-a47d-8c48425ef4a7;HUMAN_OBSERVATION;PRESENT;Anolis solitarius Ruthven, 1916;Animalia;Chordata;Dactyloidae;Anolis;Anolis solitarius;Anolis;solitarius;SPECIES;ACCEPTED;NT;Squamata
4901388382;Masticophis mentovarius centralis Roze, 1953;11,218964;-74,169311;cdc,cdround;50c9509d-22c7-4a22-a47d-8c48425ef4a7;HUMAN_OBSERVATION;PRESENT;Masticophis mentovarius centralis Roze, 1953;Animalia;Chordata;Colubridae;Masticophis;Masticophis mentovarius;Masticophis;mentovarius;SUBSPECIES;ACCEPTED;NA;Squamata
4901693537;Anolis auratus Daudin, 1802;11,236911;-74,147557;cdc,cdround;50c9509d-22c7-4a22-a47d-8c48425ef4a7;HUMAN_OBSERVATION;PRESENT;Anolis auratus Daudin, 1802;Animalia;Chordata;Dactyloidae;Anolis;Anolis auratus;Anolis;auratus;SPECIES;ACCEPTED;LC;Squamata
4901652116;Dendrobates truncatus (Cope, 1861);11,232316;-74,035937;cdc,cdround;50c9509d-22c7-4a22-a47d-8c48425ef4a7;HUMAN_OBSERVATION;PRESENT;Dendrobates truncatus (Cope, 1861);Animalia;Chordata;Dendrobatidae;Dendrobates;Dendrobates truncatus;Dendrobates;truncatus;SPECIES;ACCEPTED;LC;Amphibia
4901103485;Cnemidophorus gaigei Ruthven, 1915;11,142884;-74,106934;cdc,cdround;50c9509d-22c7-4a22-a47d-8c48425ef4a7;HUMAN_OBSERVATION;PRESENT;Cnemidophorus gaigei Ruthven, 1915;Animalia;Chordata;Teiidae;Cnemidophorus;Cnemidophorus gaigei;Cnemidophorus;gaigei;SPECIES;ACCEPTED;NE;Squamata
4900855528;Bolitoglossa savagei Brame & Wake, 1963;11,136394;-74,121225;cdc,cdround;50c9509d-22c7-4a22-a47d-8c48425ef4a7;HUMAN_OBSERVATION;PRESENT;Bolitoglossa savagei Brame & Wake, 1963;Animalia;Chordata;Plethodontidae;Bolitoglossa;Bolitoglossa savagei;Bolitoglossa;savagei;SPECIES;ACCEPTED;NT;Amphibia
4900882811;Atractus sanctaemartae Dunn, 1946;11,097562;-74,069752;cdc,cdround;50c9509d-22c7-4a22-a47d-8c48425ef4a7;HUMAN_OBSERVATION;PRESENT;Atractus sanctaemartae Dunn, 1946;Animalia;Chordata;Colubridae;Atractus;Atractus sanctaemartae;Atractus;sanctaemartae;SPECIES;ACCEPTED;LC;Squamata
4904269481;Tachiramantis Heinicke, Barrio-Amorós & Hedges, 2015;11,028861;-74,184484;cdc,cdround,txmathi;50c9509d-22c7-4a22-a47d-8c48425ef4a7;HUMAN_OBSERVATION;PRESENT;Tachiramantis Heinicke, Barrio-Amorós & Hedges, 2015;Animalia;Chordata;Craugastoridae;Tachiramantis;NA;Tachiramantis;NA;GENUS;ACCEPTED;NE;Amphibia
4904106573;Sciurus granatensis Humboldt, 1811;11,203253;-74,226945;cdc;50c9509d-22c7-4a22-a47d-8c48425ef4a7;HUMAN_OBSERVATION;PRESENT;Sciurus granatensis Humboldt, 1811;Animalia;Chordata;Sciuridae;Sciurus;Sciurus granatensis;Sciurus;granatensis;SPECIES;ACCEPTED;LC;Mammalia
4924006597;Bolitoglossa savagei Brame & Wake, 1963;11,094454;-74,006241;cdc,cdround;50c9509d-22c7-4a22-a47d-8c48425ef4a7;HUMAN_OBSERVATION;PRESENT;Bolitoglossa savagei Brame & Wake, 1963;Animalia;Chordata;Plethodontidae;Bolitoglossa;Bolitoglossa savagei;Bolitoglossa;savagei;SPECIES;ACCEPTED;NT;Amphibia
4923767872;Alouatta seniculus (Linnaeus, 1766);11,098682;-74,071196;cdc,cdround;50c9509d-22c7-4a22-a47d-8c48425ef4a7;HUMAN_OBSERVATION;PRESENT;Alouatta seniculus (Linnaeus, 1766);Animalia;Chordata;Atelidae;Alouatta;Alouatta seniculus;Alouatta;seniculus;SPECIES;ACCEPTED;LC;Mammalia
4925933663;Tachiramantis Heinicke, Barrio-Amorós & Hedges, 2015;11,122242;-74,133292;cdc,cdround,txmathi;50c9509d-22c7-4a22-a47d-8c48425ef4a7;HUMAN_OBSERVATION;PRESENT;Tachiramantis Heinicke, Barrio-Amorós & Hedges, 2015;Animalia;Chordata;Craugastoridae;Tachiramantis;NA;Tachiramantis;NA;GENUS;ACCEPTED;NE;Amphibia
4911148711;Anadia pulchella Ruthven, 1926;11,065164;-74,158156;cdc,cdround;50c9509d-22c7-4a22-a47d-8c48425ef4a7;HUMAN_OBSERVATION;PRESENT;Anadia pulchella Ruthven, 1926;Animalia;Chordata;Gymnophthalmidae;Anadia;Anadia pulchella;Anadia;pulchella;SPECIES;ACCEPTED;NT;Squamata
4910640041;Erythrolamprus bizona Jan, 1863;11,158643;-74,109267;cdc,cdround;50c9509d-22c7-4a22-a47d-8c48425ef4a7;HUMAN_OBSERVATION;PRESENT;Erythrolamprus bizona Jan, 1863;Animalia;Chordata;Colubridae;Erythrolamprus;Erythrolamprus bizona;Erythrolamprus;bizona;SPECIES;ACCEPTED;LC;Squamata
4910953724;Amphisbaena fuliginosa varia Laurenti, 1768;11,215298;-73,998445;cdc,cdround;50c9509d-22c7-4a22-a47d-8c48425ef4a7;HUMAN_OBSERVATION;PRESENT;Amphisbaena fuliginosa varia Laurenti, 1768;Animalia;Chordata;Amphisbaenidae;Amphisbaena;Amphisbaena fuliginosa;Amphisbaena;fuliginosa;SUBSPECIES;ACCEPTED;NA;Squamata
4919428879;Strabomantidae;10,901483;-73,859205;cdc,cdround,txmathi;50c9509d-22c7-4a22-a47d-8c48425ef4a7;HUMAN_OBSERVATION;PRESENT;Craugastoridae;Animalia;Chordata;Craugastoridae;NA;NA;NA;NA;FAMILY;SYNONYM;NA;Amphibia
4919520577;Iguana iguana (Linnaeus, 1758);11,171109;-74,233482;cdc,cdround;50c9509d-22c7-4a22-a47d-8c48425ef4a7;HUMAN_OBSERVATION;PRESENT;Iguana iguana (Linnaeus, 1758);Animalia;Chordata;Iguanidae;Iguana;Iguana iguana;Iguana;iguana;SPECIES;ACCEPTED;LC;Squamata
4919268238;Ameiva bifrontata Cope, 1862;11,322805;-73,957465;cdc,cdround;50c9509d-22c7-4a22-a47d-8c48425ef4a7;HUMAN_OBSERVATION;PRESENT;Ameiva bifrontata Cope, 1862;Animalia;Chordata;Teiidae;Ameiva;Ameiva bifrontata;Ameiva;bifrontata;SPECIES;ACCEPTED;LC;Squamata
4919676645;Anolis auratus Daudin, 1802;11,202545;-74,100671;cdc,cdround;50c9509d-22c7-4a22-a47d-8c48425ef4a7;HUMAN_OBSERVATION;PRESENT;Anolis auratus Daudin, 1802;Animalia;Chordata;Dactyloidae;Anolis;Anolis auratus;Anolis;auratus;SPECIES;ACCEPTED;LC;Squamata
4919657451;Strabomantidae;10,833956;-73,881396;cdc,cdround,txmathi;50c9509d-22c7-4a22-a47d-8c48425ef4a7;HUMAN_OBSERVATION;PRESENT;Craugastoridae;Animalia;Chordata;Craugastoridae;NA;NA;NA;NA;FAMILY;SYNONYM;NA;Amphibia
4921630924;Leptodeira ashmeadii (Hallowell, 1845);11,336618;-73,989944;cdc,cdround;50c9509d-22c7-4a22-a47d-8c48425ef4a7;HUMAN_OBSERVATION;PRESENT;Leptodeira ashmeadii (Hallowell, 1845);Animalia;Chordata;Colubridae;Leptodeira;Leptodeira ashmeadii;Leptodeira;ashmeadii;SPECIES;ACCEPTED;NE;Squamata
4921450239;Rhinella horribilis (Wiegmann, 1833);11,32255;-73,973198;cdc,cdround;50c9509d-22c7-4a22-a47d-8c48425ef4a7;HUMAN_OBSERVATION;PRESENT;Rhinella horribilis (Wiegmann, 1833);Animalia;Chordata;Bufonidae;Rhinella;Rhinella horribilis;Rhinella;horribilis;SPECIES;ACCEPTED;NE;Amphibia
4923755454;Bolitoglossa savagei Brame & Wake, 1963;10,86441;-73,832645;cdc,cdround;50c9509d-22c7-4a22-a47d-8c48425ef4a7;HUMAN_OBSERVATION;PRESENT;Bolitoglossa savagei Brame & Wake, 1963;Animalia;Chordata;Plethodontidae;Bolitoglossa;Bolitoglossa savagei;Bolitoglossa;savagei;SPECIES;ACCEPTED;NT;Amphibia
4923712873;Atelopus nahumae Ruiz-Carranza, Ardila-Robayo & Hernández-Camacho, 1994;10,966751;-73,930997;cdc,cdround;50c9509d-22c7-4a22-a47d-8c48425ef4a7;HUMAN_OBSERVATION;PRESENT;Atelopus nahumae Ruiz-Carranza, Ardila-Robayo & Hernández-Camacho, 1994;Animalia;Chordata;Bufonidae;Atelopus;Atelopus nahumae;Atelopus;nahumae;SPECIES;ACCEPTED;EN;Amphibia
4923990128;Alopoglossus romaleos (Harris, 1994);10,896488;-73,991522;cdc,cdround;50c9509d-22c7-4a22-a47d-8c48425ef4a7;HUMAN_OBSERVATION;PRESENT;Alopoglossus romaleos (Harris, 1994);Animalia;Chordata;Alopoglossidae;Alopoglossus;Alopoglossus romaleos;Alopoglossus;romaleos;SPECIES;ACCEPTED;NE;Squamata
4926195725;Basiliscus basiliscus (Linnaeus, 1758);9,248371;-74,49351;cdc,cdround;50c9509d-22c7-4a22-a47d-8c48425ef4a7;HUMAN_OBSERVATION;PRESENT;Basiliscus basiliscus (Linnaeus, 1758);Animalia;Chordata;Corytophanidae;Basiliscus;Basiliscus basiliscus;Basiliscus;basiliscus;SPECIES;ACCEPTED;LC;Squamata
4921983121;Iguana iguana (Linnaeus, 1758);11,296093;-73,89241;cdc,cdround;50c9509d-22c7-4a22-a47d-8c48425ef4a7;HUMAN_OBSERVATION;PRESENT;Iguana iguana (Linnaeus, 1758);Animalia;Chordata;Iguanidae;Iguana;Iguana iguana;Iguana;iguana;SPECIES;ACCEPTED;LC;Squamata
4921750234;Cnemidophorus gaigei Ruthven, 1915;11,336203;-73,99095;cdc,cdround;50c9509d-22c7-4a22-a47d-8c48425ef4a7;HUMAN_OBSERVATION;PRESENT;Cnemidophorus gaigei Ruthven, 1915;Animalia;Chordata;Teiidae;Cnemidophorus;Cnemidophorus gaigei;Cnemidophorus;gaigei;SPECIES;ACCEPTED;NE;Squamata
4921507349;Leptodeira ashmeadii (Hallowell, 1845);11,327365;-73,992453;cdc,cdround;50c9509d-22c7-4a22-a47d-8c48425ef4a7;HUMAN_OBSERVATION;PRESENT;Leptodeira ashmeadii (Hallowell, 1845);Animalia;Chordata;Colubridae;Leptodeira;Leptodeira ashmeadii;Leptodeira;ashmeadii;SPECIES;ACCEPTED;NE;Squamata
4921622326;Engystomops pustulosus (Cope, 1864);11,329133;-73,991165;cdc,cdround;50c9509d-22c7-4a22-a47d-8c48425ef4a7;HUMAN_OBSERVATION;PRESENT;Engystomops pustulosus (Cope, 1864);Animalia;Chordata;Leptodactylidae;Engystomops;Engystomops pustulosus;Engystomops;pustulosus;SPECIES;ACCEPTED;LC;Amphibia
4921461331;Rhinella horribilis (Wiegmann, 1833);11,3346;-73,991281;cdc,cdround;50c9509d-22c7-4a22-a47d-8c48425ef4a7;HUMAN_OBSERVATION;PRESENT;Rhinella horribilis (Wiegmann, 1833);Animalia;Chordata;Bufonidae;Rhinella;Rhinella horribilis;Rhinella;horribilis;SPECIES;ACCEPTED;NE;Amphibia
4926352766;Cebus malitiosus Elliot, 1909;11,349282;-73,940558;cdc,cdround;50c9509d-22c7-4a22-a47d-8c48425ef4a7;HUMAN_OBSERVATION;PRESENT;Cebus malitiosus Elliot, 1909;Animalia;Chordata;Cebidae;Cebus;Cebus malitiosus;Cebus;malitiosus;SPECIES;ACCEPTED;EN;Mammalia
4923953531;Tachiramantis Heinicke, Barrio-Amorós & Hedges, 2015;11,019259;-74,137627;cdc,cdround,txmathi;50c9509d-22c7-4a22-a47d-8c48425ef4a7;HUMAN_OBSERVATION;PRESENT;Tachiramantis Heinicke, Barrio-Amorós & Hedges, 2015;Animalia;Chordata;Craugastoridae;Tachiramantis;NA;Tachiramantis;NA;GENUS;ACCEPTED;NE;Amphibia
4926285655;Atractus sanctaemartae Dunn, 1946;11,098162;-74,060554;cdc,cdround;50c9509d-22c7-4a22-a47d-8c48425ef4a7;HUMAN_OBSERVATION;PRESENT;Atractus sanctaemartae Dunn, 1946;Animalia;Chordata;Colubridae;Atractus;Atractus sanctaemartae;Atractus;sanctaemartae;SPECIES;ACCEPTED;LC;Squamata
4926362822;Alouatta seniculus (Linnaeus, 1766);11,096847;-74,068691;cdc,cdround;50c9509d-22c7-4a22-a47d-8c48425ef4a7;HUMAN_OBSERVATION;PRESENT;Alouatta seniculus (Linnaeus, 1766);Animalia;Chordata;Atelidae;Alouatta;Alouatta seniculus;Alouatta;seniculus;SPECIES;ACCEPTED;LC;Mammalia
4926309117;Cnemidophorus gaigei Ruthven, 1915;11,32223;-73,956688;cdc,cdround;50c9509d-22c7-4a22-a47d-8c48425ef4a7;HUMAN_OBSERVATION;PRESENT;Cnemidophorus gaigei Ruthven, 1915;Animalia;Chordata;Teiidae;Cnemidophorus;Cnemidophorus gaigei;Cnemidophorus;gaigei;SPECIES;ACCEPTED;NE;Squamata
4926356735;Dendrobates truncatus (Cope, 1861);11,322405;-73,958755;cdc;50c9509d-22c7-4a22-a47d-8c48425ef4a7;HUMAN_OBSERVATION;PRESENT;Dendrobates truncatus (Cope, 1861);Animalia;Chordata;Dendrobatidae;Dendrobates;Dendrobates truncatus;Dendrobates;truncatus;SPECIES;ACCEPTED;LC;Amphibia
4925901112;Cebus malitiosus Elliot, 1909;11,209929;-73,926523;cdc,cdround;50c9509d-22c7-4a22-a47d-8c48425ef4a7;HUMAN_OBSERVATION;PRESENT;Cebus malitiosus Elliot, 1909;Animalia;Chordata;Cebidae;Cebus;Cebus malitiosus;Cebus;malitiosus;SPECIES;ACCEPTED;EN;Mammalia
4926016052;Cnemidophorus gaigei Ruthven, 1915;11,308553;-73,935822;cdc,cdround;50c9509d-22c7-4a22-a47d-8c48425ef4a7;HUMAN_OBSERVATION;PRESENT;Cnemidophorus gaigei Ruthven, 1915;Animalia;Chordata;Teiidae;Cnemidophorus;Cnemidophorus gaigei;Cnemidophorus;gaigei;SPECIES;ACCEPTED;NE;Squamata
4925893568;Stenocercus erythrogaster (Hallowell, 1856);11,151885;-74,111305;cdc,cdround;50c9509d-22c7-4a22-a47d-8c48425ef4a7;HUMAN_OBSERVATION;PRESENT;Stenocercus erythrogaster (Hallowell, 1856);Animalia;Chordata;Tropiduridae;Stenocercus;Stenocercus erythrogaster;Stenocercus;erythrogaster;SPECIES;ACCEPTED;LC;Squamata
4926107606;Rhinella humboldti (Gallardo, 1965);11,273723;-73,917343;cdc,cdround;50c9509d-22c7-4a22-a47d-8c48425ef4a7;HUMAN_OBSERVATION;PRESENT;Rhinella humboldti (Gallardo, 1965);Animalia;Chordata;Bufonidae;Rhinella;Rhinella humboldti;Rhinella;humboldti;SPECIES;ACCEPTED;NE;Amphibia
4925883863;Saguinus oedipus (Linnaeus, 1758);11,297047;-73,89114;cdc,cdround;50c9509d-22c7-4a22-a47d-8c48425ef4a7;HUMAN_OBSERVATION;PRESENT;Saguinus oedipus (Linnaeus, 1758);Animalia;Chordata;Callitrichidae;Saguinus;Saguinus oedipus;Saguinus;oedipus;SPECIES;ACCEPTED;CR;Mammalia
4925901421;Cnemidophorus gaigei Ruthven, 1915;11,290501;-73,913555;cdc,cdround;50c9509d-22c7-4a22-a47d-8c48425ef4a7;HUMAN_OBSERVATION;PRESENT;Cnemidophorus gaigei Ruthven, 1915;Animalia;Chordata;Teiidae;Cnemidophorus;Cnemidophorus gaigei;Cnemidophorus;gaigei;SPECIES;ACCEPTED;NE;Squamata
4926326216;Cebus malitiosus Elliot, 1909;11,218608;-73,91469;cdc,cdround;50c9509d-22c7-4a22-a47d-8c48425ef4a7;HUMAN_OBSERVATION;PRESENT;Cebus malitiosus Elliot, 1909;Animalia;Chordata;Cebidae;Cebus;Cebus malitiosus;Cebus;malitiosus;SPECIES;ACCEPTED;EN;Mammalia
4926356260;Alouatta seniculus (Linnaeus, 1766);11,304109;-73,939392;cdc,cdround;50c9509d-22c7-4a22-a47d-8c48425ef4a7;HUMAN_OBSERVATION;PRESENT;Alouatta seniculus (Linnaeus, 1766);Animalia;Chordata;Atelidae;Alouatta;Alouatta seniculus;Alouatta;seniculus;SPECIES;ACCEPTED;LC;Mammalia
4926329364;Cnemidophorus gaigei Ruthven, 1915;11,304056;-73,939113;cdc,cdround;50c9509d-22c7-4a22-a47d-8c48425ef4a7;HUMAN_OBSERVATION;PRESENT;Cnemidophorus gaigei Ruthven, 1915;Animalia;Chordata;Teiidae;Cnemidophorus;Cnemidophorus gaigei;Cnemidophorus;gaigei;SPECIES;ACCEPTED;NE;Squamata
4926269314;Sciurus granatensis Humboldt, 1811;11,275476;-73,918605;cdc,cdround;50c9509d-22c7-4a22-a47d-8c48425ef4a7;HUMAN_OBSERVATION;PRESENT;Sciurus granatensis Humboldt, 1811;Animalia;Chordata;Sciuridae;Sciurus;Sciurus granatensis;Sciurus;granatensis;SPECIES;ACCEPTED;LC;Mammalia
4935794568;Rhinella humboldti (Gallardo, 1965);11,273111;-73,914606;cdc,cdround;50c9509d-22c7-4a22-a47d-8c48425ef4a7;HUMAN_OBSERVATION;PRESENT;Rhinella humboldti (Gallardo, 1965);Animalia;Chordata;Bufonidae;Rhinella;Rhinella humboldti;Rhinella;humboldti;SPECIES;ACCEPTED;NE;Amphibia
4936665299;Iguana iguana (Linnaeus, 1758);11,312078;-73,940033;cdc,cdround;50c9509d-22c7-4a22-a47d-8c48425ef4a7;HUMAN_OBSERVATION;PRESENT;Iguana iguana (Linnaeus, 1758);Animalia;Chordata;Iguanidae;Iguana;Iguana iguana;Iguana;iguana;SPECIES;ACCEPTED;LC;Squamata
4936810756;Engystomops pustulosus (Cope, 1864);11,271845;-73,925575;cdc,cdround;50c9509d-22c7-4a22-a47d-8c48425ef4a7;HUMAN_OBSERVATION;PRESENT;Engystomops pustulosus (Cope, 1864);Animalia;Chordata;Leptodactylidae;Engystomops;Engystomops pustulosus;Engystomops;pustulosus;SPECIES;ACCEPTED;LC;Amphibia
4935913720;Geobatrachus walkeri Ruthven, 1915;11,057577;-74,13454;cdc,cdround;50c9509d-22c7-4a22-a47d-8c48425ef4a7;HUMAN_OBSERVATION;PRESENT;Geobatrachus walkeri Ruthven, 1915;Animalia;Chordata;Craugastoridae;Geobatrachus;Geobatrachus walkeri;Geobatrachus;walkeri;SPECIES;ACCEPTED;EN;Amphibia
4936646397;Basiliscus basiliscus (Linnaeus, 1758);11,240355;-74,211023;cdc,cdround;50c9509d-22c7-4a22-a47d-8c48425ef4a7;HUMAN_OBSERVATION;PRESENT;Basiliscus basiliscus (Linnaeus, 1758);Animalia;Chordata;Corytophanidae;Basiliscus;Basiliscus basiliscus;Basiliscus;basiliscus;SPECIES;ACCEPTED;LC;Squamata
4022251543;Tachiramantis Heinicke, Barrio-Amorós & Hedges, 2015;11,13157;-74,178692;cdc,cdround,txmathi;50c9509d-22c7-4a22-a47d-8c48425ef4a7;HUMAN_OBSERVATION;PRESENT;Tachiramantis Heinicke, Barrio-Amorós & Hedges, 2015;Animalia;Chordata;Craugastoridae;Tachiramantis;NA;Tachiramantis;NA;GENUS;ACCEPTED;NE;Amphibia
4011894347;Porthidium lansbergii lansbergii;11,267851;-74,080137;cdc,cdround;50c9509d-22c7-4a22-a47d-8c48425ef4a7;HUMAN_OBSERVATION;PRESENT;Porthidium lansbergii lansbergii;Animalia;Chordata;Viperidae;Porthidium;Porthidium lansbergii;Porthidium;lansbergii;SUBSPECIES;ACCEPTED;NA;Squamata
4022071759;Tachiramantis Heinicke, Barrio-Amorós & Hedges, 2015;11,027926;-74,031766;cdc,cdround,txmathi;50c9509d-22c7-4a22-a47d-8c48425ef4a7;HUMAN_OBSERVATION;PRESENT;Tachiramantis Heinicke, Barrio-Amorós & Hedges, 2015;Animalia;Chordata;Craugastoridae;Tachiramantis;NA;Tachiramantis;NA;GENUS;ACCEPTED;NE;Amphibia
4021982806;Tachiramantis Heinicke, Barrio-Amorós & Hedges, 2015;11,188139;-74,025423;cdc,cdround,txmathi;50c9509d-22c7-4a22-a47d-8c48425ef4a7;HUMAN_OBSERVATION;PRESENT;Tachiramantis Heinicke, Barrio-Amorós & Hedges, 2015;Animalia;Chordata;Craugastoridae;Tachiramantis;NA;Tachiramantis;NA;GENUS;ACCEPTED;NE;Amphibia
4022055651;Basiliscus basiliscus barbouri Ruthven, 1914;11,278045;-73,93248;cdc;50c9509d-22c7-4a22-a47d-8c48425ef4a7;HUMAN_OBSERVATION;PRESENT;Basiliscus basiliscus barbouri Ruthven, 1914;Animalia;Chordata;Corytophanidae;Basiliscus;Basiliscus basiliscus;Basiliscus;basiliscus;SUBSPECIES;ACCEPTED;NA;Squamata
4852652832;Rhinella horribilis (Wiegmann, 1833);11,278145;-73,931655;cdc;50c9509d-22c7-4a22-a47d-8c48425ef4a7;HUMAN_OBSERVATION;PRESENT;Rhinella horribilis (Wiegmann, 1833);Animalia;Chordata;Bufonidae;Rhinella;Rhinella horribilis;Rhinella;horribilis;SPECIES;ACCEPTED;NE;Amphibia
4021947447;Rhinella humboldti (Gallardo, 1965);11,278047;-73,931612;cdc,cdround;50c9509d-22c7-4a22-a47d-8c48425ef4a7;HUMAN_OBSERVATION;PRESENT;Rhinella humboldti (Gallardo, 1965);Animalia;Chordata;Bufonidae;Rhinella;Rhinella humboldti;Rhinella;humboldti;SPECIES;ACCEPTED;NE;Amphibia
4022163803;Imantodes cenchoa (Linnaeus, 1758);11,286378;-73,913887;cdc,cdround;50c9509d-22c7-4a22-a47d-8c48425ef4a7;HUMAN_OBSERVATION;PRESENT;Imantodes cenchoa (Linnaeus, 1758);Animalia;Chordata;Colubridae;Imantodes;Imantodes cenchoa;Imantodes;cenchoa;SPECIES;ACCEPTED;LC;Squamata
4022273628;Iguana iguana (Linnaeus, 1758);11,276833;-73,927497;cdc,cdround;50c9509d-22c7-4a22-a47d-8c48425ef4a7;HUMAN_OBSERVATION;PRESENT;Iguana iguana (Linnaeus, 1758);Animalia;Chordata;Iguanidae;Iguana;Iguana iguana;Iguana;iguana;SPECIES;ACCEPTED;LC;Squamata
4014964248;Sibon nebulatus (Linnaeus, 1758);11,142179;-74,117538;cdc,cdround;50c9509d-22c7-4a22-a47d-8c48425ef4a7;HUMAN_OBSERVATION;PRESENT;Sibon nebulatus (Linnaeus, 1758);Animalia;Chordata;Colubridae;Sibon;Sibon nebulatus;Sibon;nebulatus;SPECIES;ACCEPTED;LC;Squamata
4046412579;Dasyprocta punctata Gray, 1842;11,299664;-73,916094;cdc,cdround;50c9509d-22c7-4a22-a47d-8c48425ef4a7;HUMAN_OBSERVATION;PRESENT;Dasyprocta punctata Gray, 1842;Animalia;Chordata;Dasyproctidae;Dasyprocta;Dasyprocta punctata;Dasyprocta;punctata;SPECIES;ACCEPTED;LC;Mammalia
4018206997;Cebus malitiosus Elliot, 1909;11,355391;-73,884886;cdround;50c9509d-22c7-4a22-a47d-8c48425ef4a7;HUMAN_OBSERVATION;PRESENT;Cebus malitiosus Elliot, 1909;Animalia;Chordata;Cebidae;Cebus;Cebus malitiosus;Cebus;malitiosus;SPECIES;ACCEPTED;EN;Mammalia
4852631794;Rhinella humboldti (Gallardo, 1965);11,268436;-73,951493;cdc,cdround;50c9509d-22c7-4a22-a47d-8c48425ef4a7;HUMAN_OBSERVATION;PRESENT;Rhinella humboldti (Gallardo, 1965);Animalia;Chordata;Bufonidae;Rhinella;Rhinella humboldti;Rhinella;humboldti;SPECIES;ACCEPTED;NE;Amphibia
4021982141;Basiliscus basiliscus (Linnaeus, 1758);11,206942;-73,884301;cdc,cdround;50c9509d-22c7-4a22-a47d-8c48425ef4a7;HUMAN_OBSERVATION;PRESENT;Basiliscus basiliscus (Linnaeus, 1758);Animalia;Chordata;Corytophanidae;Basiliscus;Basiliscus basiliscus;Basiliscus;basiliscus;SPECIES;ACCEPTED;LC;Squamata
